page	claim	claim_label	tags	source_list	claim_source_domain	claim_source_url	date
http://www.emergent.info/Samsung-Apple-watch-processor	Claim: Samsung will supply application processors for Apple Watch	unverified	['Apple Watch', 'Apple Watch Components', 'BusinessKorea', 'Cho Jin-young', 'Samsung']	['http://www.businesskorea.co.kr/article/7485/new-honeymoon-iphone-6-features-flood-components-made-samsung']	http://www.businesskorea.co.kr/	http://www.businesskorea.co.kr/article/7485/new-honeymoon-iphone-6-features-flood-components-made-samsung	2015/11/26
http://www.emergent.info/man-slapping-people-for-sneezing	Claim: A man in England is wanted by police for slapping people who sneeze in public	true	['Cumbria', 'sneezing', 'United Kingdom']	['http://www.newsandstar.co.uk/news/carlisle-head-slapper-attacks-sneezing-women-1.1199717']	http://www.newsandstar.co.uk/	http://www.newsandstar.co.uk/news/carlisle-head-slapper-attacks-sneezing-women-1.1199717	2015/03/22
http://www.emergent.info/human-death-GMO	Claim: Doctors confirmed the first case of death by genetically modified food	false	['Fake News', 'Hoaxes', 'World News Daily Report']	['http://worldnewsdailyreport.com/doctors-confirm-first-human-death-officially-caused-by-gmos/']	http://worldnewsdailyreport.com/	http://worldnewsdailyreport.com/doctors-confirm-first-human-death-officially-caused-by-gmos/	2015/03/09
http://www.emergent.info/apple-watch-store-appointments	Claim: Apple will take appointments at Apple Stores to try on the Apple Watch	unverified	['Apple Watch', 'Daisuke Wakabayashi', 'Wall Street Journal']	['http://www.wsj.com/articles/smartwatch-pushes-apple-into-high-end-fashion-1425857649?mod=LS1']	http://www.wsj.com/	http://www.wsj.com/articles/smartwatch-pushes-apple-into-high-end-fashion-1425857649?mod=LS1	2015/03/08
http://www.emergent.info/apple-watch-platinum-edition	Claim: Apple is considering the release of a platinum edition of the Apple Watch	unverified	['Apple Watch', 'Daisuke Wakabayashi', 'Wall Street Journal']	['http://www.wsj.com/articles/smartwatch-pushes-apple-into-high-end-fashion-1425857649?mod=LS1']	http://www.wsj.com/	http://www.wsj.com/articles/smartwatch-pushes-apple-into-high-end-fashion-1425857649?mod=LS1	2015/03/08
http://www.emergent.info/Apple-Watch-gold-formula	Claim: The Apple Watch Edition has less gold than typical 18k gold	unverified	['Apple Watch', 'Apple Watch Edition', 'Dr Drang', 'Gold', 'Leancrew.com']	['http://leancrew.com/all-this/2015/03/apple-gold/']	http://leancrew.com/	http://leancrew.com/all-this/2015/03/apple-gold/	2015/03/07
http://www.emergent.info/gold-Apple-Watch-straps	Claim: Apple will offer gold Watch straps	false	['Apple Watch', 'Apple Watch Accessories', 'Daring Fireball', 'Jon Gruber']	['http://daringfireball.net/2015/03/apple_watch_prelude']	http://daringfireball.net/	http://daringfireball.net/2015/03/apple_watch_prelude	2015/03/07
http://www.emergent.info/larger-Apple-Watch-more-expensive	Claim: Apple will charge more for the larger Apple Watch	true	['Apple Watch', 'Apple Watch Price', 'Daring Fireball', 'Jon Gruber']	['http://daringfireball.net/2015/03/apple_watch_prelude']	http://daringfireball.net/	http://daringfireball.net/2015/03/apple_watch_prelude	2015/03/07
http://www.emergent.info/Gruber-Apple-Watch-Edition-Sport-band	Claim: The gold Apple Watch Edition with a sport band will cost $7499/7999 USD.	false	['Apple Watch', 'Apple Watch Edition', 'Apple Watch Price', 'Daring Fireball', 'Jon Gruber']	['http://daringfireball.net/2015/03/apple_watch_prelude']	http://daringfireball.net/	http://daringfireball.net/2015/03/apple_watch_prelude	2015/03/07
http://www.emergent.info/steel-Apple-Watch-sport-band	Claim: The steel Apple Watch with a sport band will cost $749/799 USD.	false	['Apple Watch', 'Apple Watch Price', 'Daring Fireball', 'Jon Gruber']	['http://daringfireball.net/2015/03/apple_watch_prelude']	http://daringfireball.net/	http://daringfireball.net/2015/03/apple_watch_prelude	2015/03/07
http://www.emergent.info/Gruber-Apple-Watch-Edition-top-price	Claim: The most expensive version of the Apple Watch Edition will cost $19,999	false	['Apple Watch', 'Apple Watch Edition', 'Apple Watch Price', 'Daring Fireball', 'Jon Gruber']	['http://daringfireball.net/2015/03/apple_watch_prelude']	http://daringfireball.net/	http://daringfireball.net/2015/03/apple_watch_prelude	2015/03/07
http://www.emergent.info/Apple-Watch-notifications-wrist	Claim: The Apple Watch only receives notifications when on the wrist	unverified	['Apple Watch', 'Apple Watch Features', 'Matthew Panzarino', 'TechCrunch']	['http://techcrunch.com/2015/03/06/the-apple-watch-is-time-saved/#InYuXY:HADe']	http://techcrunch.com/	http://techcrunch.com/2015/03/06/the-apple-watch-is-time-saved/#InYuXY:HADe	2015/03/06
http://www.emergent.info/KFC-selling-pot	Claim: KFC restaurants in Colorado will start selling marijuana	false	['Fake News', 'Hoaxes', 'kfc', 'Marijuana']	['http://theracketreport.com/kfc-gets-occupational-business-license-to-sell-marijuana-in-colorado-restaurants/']	http://theracketreport.com/	http://theracketreport.com/kfc-gets-occupational-business-license-to-sell-marijuana-in-colorado-restaurants/	2015/03/05
http://www.emergent.info/ISIS-made-woman-eat-son	Claim: ISIS gave a Kurdish woman a meal and told her she'd eaten her own son	unverified	['Cannibalism', 'ISIS', 'The Sun']	['http://www.thesun.co.uk/sol/homepage/news/6351852/Sick-Islamic-State-jihadis-fed-mother-her-son-says-Brit-taking-fight-to-fanatics.html']	http://www.thesun.co.uk/	http://www.thesun.co.uk/sol/homepage/news/6351852/Sick-Islamic-State-jihadis-fed-mother-her-son-says-Brit-taking-fight-to-fanatics.html	2015/03/02
http://www.emergent.info/Tiger-Woods-drugs	Claim: Tiger Woods is serving a suspension from the PGA Tour after failing a drug test	false	['Drugs', 'Golf', 'PGA Tour', 'Tiger Woods']	['http://thegame730am.com/pga-golfer-dan-olsen-says-tiger-woods-is-armstrong-of-golf/']	http://thegame730am.com/	http://thegame730am.com/pga-golfer-dan-olsen-says-tiger-woods-is-armstrong-of-golf/	2015/03/02
http://www.emergent.info/international-school-lunches	Claim: Photos comparing school lunches from around the world include a meagre offering from the U.S.	false	['Michelle Obama', 'Photos', 'School Lunches', 'United States of America']	['http://www.dailymail.co.uk/news/article-2958640/Photos-school-lunches-served-world-reveal-just-meager-America-s-meals-compared-cash-strapped-nations.html']	http://www.dailymail.co.uk/	http://www.dailymail.co.uk/news/article-2958640/Photos-school-lunches-served-world-reveal-just-meager-America-s-meals-compared-cash-strapped-nations.html	2015/03/02
http://www.emergent.info/400-men-castrated	Claim: 400 men were castrated on the orders of an Indian spiritual guru	unverified	['Castration', 'Dera Sacha Sauda', 'Gurmeet Ram Rahim Singh', 'India']	['http://www.hindustantimes.com/haryana/dera-sacha-sauda-head-got-followers-castrated-to-protect-sadhvis-from-sexual-exploitation-petitioner/article1-1300920.aspx']	http://www.hindustantimes.com/	http://www.hindustantimes.com/haryana/dera-sacha-sauda-head-got-followers-castrated-to-protect-sadhvis-from-sexual-exploitation-petitioner/article1-1300920.aspx	2015/03/02
http://www.emergent.info/stolen-testicles	Claim: A Russian man met a woman for a drink in a sauna and woke up to find his testicles stolen	unverified	['Black Market', 'Life News', 'Medicine', 'Russia', 'Testicles']	['http://lifenews.ru/news/150348']	http://lifenews.ru/	http://lifenews.ru/news/150348	2015/02/26
http://www.emergent.info/Jihadi-John-is-Mohammed-Emwazi	Claim: 'Jihadi John' is a Londoner named Mohammed Emwazi	unverified	['ISIS', 'Jihadi John', 'Mohammed Emwazi', 'Washington Post']	['http://www.washingtonpost.com/world/national-security/jihadi-john-the-islamic-state-killer-behind-the-mask-is-a-young-londoner/2015/02/25/d6dbab16-bc43-11e4-bdfa-b8e8f594e6ee_story.html']	http://www.washingtonpost.com/	http://www.washingtonpost.com/world/national-security/jihadi-john-the-islamic-state-killer-behind-the-mask-is-a-young-londoner/2015/02/25/d6dbab16-bc43-11e4-bdfa-b8e8f594e6ee_story.html	2015/02/26
http://www.emergent.info/disney-collector-is-former-porn-star	Claim: The woman behind the hugely popular DC Toys Collector (Disney Collector) YouTube channel is a former porn star 	unverified	['Daiane DeJesus', 'DC Toys Collector', 'Porm', 'Sandy Summers', 'YouTube']	['http://www.dailymail.co.uk/news/article-2958242/Brazilian-former-porn-star-Diane-DeJesus-mystery-figure-5million-year-YouTube-sensation-DC-Toys-Collector.html']	http://www.dailymail.co.uk/	http://www.dailymail.co.uk/news/article-2958242/Brazilian-former-porn-star-Diane-DeJesus-mystery-figure-5million-year-YouTube-sensation-DC-Toys-Collector.html	2015/02/25
http://www.emergent.info/Iraq-shoots-down-British-planes	Claim: The Iraqi army shot down two British planes that were delivering weapons to ISIS	false	['FARS News Agency', 'Iran', 'Iraq', 'ISIS']	['http://english.farsnews.com/newstext.aspx?nn=13931204001534']	http://english.farsnews.com/	http://english.farsnews.com/newstext.aspx?nn=13931204001534	2015/02/25
http://www.emergent.info/Israel-opened-dams-flooding-Gaza	Claim: Israel caused flooding in Gaza by opening river dams	false	"['Flooding', 'Gaza', 'Israel', ""Ma'an News Agency""]"	['http://www.maannews.com/eng/ViewDetails.aspx?ID=759549']	http://www.maannews.com/	http://www.maannews.com/eng/ViewDetails.aspx?ID=759549	2015/02/24
http://www.emergent.info/Willie-Nelson-death-hoax	Claim: Willie Nelson is dead	false	['Celebrity Deaths', 'Hoaxes', 'MediaMass', 'Willie Nelson']	['http://msmbc.co/iconic-country-star-willie-nelson-dies-at-81.php']	http://msmbc.co/	http://msmbc.co/iconic-country-star-willie-nelson-dies-at-81.php	2015/02/24
http://www.emergent.info/priest-says-god-is-female	Claim: A Catholic priest who was declared clinically dead says he met God and she's a woman	false	['Catholic Church', 'Fake News', 'Hoaxes', 'World News Daily Report']	['http://worldnewsdailyreport.com/catholic-priest-who-died-for-48-minutes-claims-that-god-is-a-woman/']	http://worldnewsdailyreport.com/	http://worldnewsdailyreport.com/catholic-priest-who-died-for-48-minutes-claims-that-god-is-a-woman/	2015/02/22
http://www.emergent.info/Shane-Smith-steak	Claim: Vice Media CEO Shane Smith paid $300,000 for a Las Vegas dinner	unverified	['Las Vegas', 'Shane Smith', 'VICE Media']	['http://www.bloomberg.com/news/articles/2015-02-18/vice-s-shane-smith-spent-300-000-on-vegas-feast-after-blackjack']	http://www.bloomberg.com/	http://www.bloomberg.com/news/articles/2015-02-18/vice-s-shane-smith-spent-300-000-on-vegas-feast-after-blackjack	2015/02/20
http://www.emergent.info/bride-marries-wedding-guest	Claim: An Indian bride married a guest at her wedding after her fiance had a seizure and collapsed	unverified	['Epilepsy', 'India', 'Marriage']	['http://timesofindia.indiatimes.com/City/Bareilly/Groom-unwell-bride-weds-guest-in-fit-of-rage/articleshow/46277810.cms']	http://timesofindia.indiatimes.com/	http://timesofindia.indiatimes.com/City/Bareilly/Groom-unwell-bride-weds-guest-in-fit-of-rage/articleshow/46277810.cms	2015/02/18
http://www.emergent.info/ISIS-harvesting-organs	Claim: ISIS is harvesting and selling human organs to help fund its operations	unverified	['Iraq', 'ISIS', 'Medicine', 'Organ Harvesting']	['http://www.al-monitor.com/pulse/security/2014/12/islamic-state-financing-funding-human-trafficking-extortion.html#']	http://www.al-monitor.com/	http://www.al-monitor.com/pulse/security/2014/12/islamic-state-financing-funding-human-trafficking-extortion.html#	2015/02/18
http://www.emergent.info/tbs-speeds-up-Seinfeld	Claim: TBS speeds up Seinfeld episodes to fit in more commercials	unverified	['Seinfeld', 'TBS', 'TV']	['http://www.avsforum.com/forum/34-hdtv-programming/1490528-tbs-speeds-up-seinfeld-full-7-5-percent-here-proof.html']	http://www.avsforum.com/	http://www.avsforum.com/forum/34-hdtv-programming/1490528-tbs-speeds-up-seinfeld-full-7-5-percent-here-proof.html	2015/02/17
http://www.emergent.info/marines-weapons-yemen	Claim: The final Marines to leave the U.S. embassy in Yemen handed their weapons over to Houthi rebels	false	['Fox News', 'Marines', 'Megan Kelly', 'Yemen']	['http://www.breitbart.com/video/2015/02/11/report-marines-ordered-by-state-dept-to-surrender-weapons-in-us-embassy-evac-in-yemen/']	http://www.breitbart.com/	http://www.breitbart.com/video/2015/02/11/report-marines-ordered-by-state-dept-to-surrender-weapons-in-us-embassy-evac-in-yemen/	2015/02/14
http://www.emergent.info/Star-Wars-early-summer-release	Claim: J.J. Abrams wants a summer release date for 'Star Wars: Episode VII'	false	['iKwiz', 'J.J. Abrams', 'Star Wars', 'Video', 'YouTube']	['http://ikwiz.com/article.asp?id=9173&name=J.J.+Abrams+Asks+Disney+To+Move+Up+%27Star+Wars%3A+The+Force+Awakens+Release%27+Date+']	http://ikwiz.com/	http://ikwiz.com/article.asp?id=9173&name=J.J.+Abrams+Asks+Disney+To+Move+Up+%27Star+Wars%3A+The+Force+Awakens+Release%27+Date+	2015/02/12
http://www.emergent.info/feminist-blogger-abortion	Claim: A woman aborted a fetus after discovering it was male	unverified	['Abortion', 'Blogging', 'Feminism', 'Hoaxes']	['http://injusticestories.com/i-aborted-my-baby-because-it-was-a-boy/']	http://injusticestories.com/	http://injusticestories.com/i-aborted-my-baby-because-it-was-a-boy/	2015/02/11
http://www.emergent.info/ISIS-claims-death-Kayla-Mueller	Claim: American hostage Kayla Mueller was killed in a coalition bombing campaign against ISIS	unverified	['Airstrikes', 'ISIS', 'Jordan', 'Kayla Mueller', 'Syria', 'United States of America']	['https://ent.siteintelgroup.com/Statements/is-claims-american-female-hostage-killed-in-jordanian-airstrike.html']	https://ent.siteintelgroup.com/	https://ent.siteintelgroup.com/Statements/is-claims-american-female-hostage-killed-in-jordanian-airstrike.html	2015/02/06
http://www.emergent.info/brokaw-wants-williams-fired	Claim: Tom Brokaw wants Brian Williams fired	false	['Brian Williams', 'NBC', 'Tom Brokaw']	['http://pagesix.com/2015/02/05/tom-brokaw-wants-brian-williams-fired/']	http://pagesix.com/	http://pagesix.com/2015/02/05/tom-brokaw-wants-brian-williams-fired/	2015/02/06
http://www.emergent.info/ISIS-treasurer-stole-money	Claim: An ISIS treasurer stole money from the organization and fled	unverified	['ISIS', 'Syria', 'Turkey']	['http://www.almasryalyoum.com/news/details/648097']	http://www.almasryalyoum.com/	http://www.almasryalyoum.com/news/details/648097	2015/02/06
http://www.emergent.info/King-of-Jordan-airstrikes-ISIS	Claim: Jordan's King Abdullah II will participate in air strikes against ISIS	false	['ISIS', 'Jordan', 'King Abdullah II']	['http://www.annaharkw.com/annahar/Article.aspx?id=525170']	http://www.annaharkw.com/	http://www.annaharkw.com/annahar/Article.aspx?id=525170	2015/02/05
http://www.emergent.info/penis-acid-attack	Claim: A 17-year-old poured acid her boyfriend's genitals after their sex tape went viral	unverified	['Acid', 'AENS', 'Sex Tape', 'South Africa']	['http://www.timeslive.co.za/local/2015/02/02/girl-destroys-boyfriends-penis-in-acid-attack-after-video-of-them-having-sex-goes-viral']	http://www.timeslive.co.za/	http://www.timeslive.co.za/local/2015/02/02/girl-destroys-boyfriends-penis-in-acid-attack-after-video-of-them-having-sex-goes-viral	2015/02/03
http://www.emergent.info/student-suspended-Hobbit-magic	Claim: A fourth-grade student from Texas was suspended after threatening another student with magic 	unverified	['Magic', 'Texas', 'The Hobbit', 'The Lord of the Rings']	['http://www.oaoa.com/news/education/article_6b47c224-a8d2-11e4-8989-1f5b0d13dadd.html']	http://www.oaoa.com/	http://www.oaoa.com/news/education/article_6b47c224-a8d2-11e4-8989-1f5b0d13dadd.html	2015/02/02
http://www.emergent.info/taliban-five-Bergdahl-exchange-fighting-again	Claim: At least one of the 'Taliban Five' exchanged for soldier Bowe Bergdahl is trying to return to militancy	unverified	['Bowe Bergdahl', 'Prisoner Exchange', 'Taliban']	['http://www.cnn.com/2015/01/29/politics/bergdahl-swap-prisoner-militant-activity/']	http://www.cnn.com/	http://www.cnn.com/2015/01/29/politics/bergdahl-swap-prisoner-militant-activity/	2015/01/30
http://www.emergent.info/McDondalds-pizza-still-being+served	Claim: Two locations in the U.S. are still serving the original McDonald's pizza	false	"[""McDonald's"", 'McPizza', 'Ohio', 'Pizza', 'West Virginia']"	['http://o.canada.com/life/food-drink/attention-children-of-the-90s-you-can-still-get-mcdonalds-pizza']	http://o.canada.com/	http://o.canada.com/life/food-drink/attention-children-of-the-90s-you-can-still-get-mcdonalds-pizza	2015/01/29
http://www.emergent.info/Texas-Sharia-law	Claim: A jurisdiction of Texas is now under Sharia law	false	['Dallas', 'Sharia Law', 'Texas']	['http://www.breitbart.com/texas/2015/01/27/hold-islamic-tribunal-confirmed-in-texas-its-voluntary-says-attorney/']	http://www.breitbart.com/	http://www.breitbart.com/texas/2015/01/27/hold-islamic-tribunal-confirmed-in-texas-its-voluntary-says-attorney/	2015/01/29
http://www.emergent.info/IBM-job-cuts	Claim: IBM will cut more than 110,000 jobs this week	unverified	['IBM']	['http://www.forbes.com/sites/robertcringely/2015/01/22/next-weeks-bloodbath-at-ibm-wont-fix-the-real-problem/']	http://www.forbes.com/	http://www.forbes.com/sites/robertcringely/2015/01/22/next-weeks-bloodbath-at-ibm-wont-fix-the-real-problem/	2015/01/26
http://www.emergent.info/iphone-6-rumor	Claim: The iPhone 6s will have a dual-lens camera	unverified	['Apple', 'iPhone', 'iPhone 6']	['http://money.udn.com/storypage.php?sub_id=5615&art_id=638904']	http://money.udn.com/	http://money.udn.com/storypage.php?sub_id=5615&art_id=638904	2015/01/19
http://www.emergent.info/saudi-cleric-snowmen	Claim: A Saudi cleric declared that snowmen are anti-Islamic	true	['Religion', 'Saudi Arabia']	['http://www.reuters.com/article/2015/01/12/us-odd-saudi-snow-idUSKBN0KL15N20150112']	http://www.reuters.com/	http://www.reuters.com/article/2015/01/12/us-odd-saudi-snow-idUSKBN0KL15N20150112	2015/01/12
http://www.emergent.info/Ebola-rats-ghost-ship	Claim: A ghost ship filled with Ebola-infected rats is heading towards Florida.	false	['Ebola', 'Fake News', 'Hoaxes', 'World News Daily Report']	['http://worldnewsdailyreport.com/ghost-ship-filled-with-ebola-ridden-rats-heading-for-florida/']	http://worldnewsdailyreport.com/	http://worldnewsdailyreport.com/ghost-ship-filled-with-ebola-ridden-rats-heading-for-florida/	2015/01/10
http://www.emergent.info/banksy-hebdo-charlie-cartoon	Claim: Artist Banksy drew a cartoon about the Charlie Hebdo murders	false	['Banksy', 'Cartoons']	['http://instagram.com/p/xkgkBSKlWu/?modal=true']	http://instagram.com/	http://instagram.com/p/xkgkBSKlWu/?modal=true	2015/01/08
http://www.emergent.info/woman-cat-coat-hoax	Claim: An 85-year-old woman was arrested for making fur coats out of her neighbors' cats	false	['Animals', 'Fake News', 'Hoaxes', 'Texas']	['http://worldnewsdailyreport.com/little-old-lady-arrested-for-making-fur-coats-with-neighbors-cats/']	http://worldnewsdailyreport.com/	http://worldnewsdailyreport.com/little-old-lady-arrested-for-making-fur-coats-with-neighbors-cats/	2015/01/07
http://www.emergent.info/bruno-mars-michel-jackson-son-hoax	Claim: A DNA test proved that Bruno Mars is Michael Jackson's son	false	['Bruno Mars', 'Celebrity Deaths', 'Fake News', 'Hoaxes']	['http://empirenews.net/dna-results-confirm-michael-jackson-is-biological-father-of-bruno-mars/']	http://empirenews.net/	http://empirenews.net/dna-results-confirm-michael-jackson-is-biological-father-of-bruno-mars/	2015/01/05
http://www.emergent.info/Hugh-Hefner-death-hoax	Claim: Playboy founder Hugh Hefner is dead	false	['Celebrity Deaths', 'Fake News', 'Hoaxes', 'Hugh Hefner']	['http://nbctoday.co/playboy-tycoon-hugh-hefner-passes-away-age-88.html']	http://nbctoday.co/	http://nbctoday.co/playboy-tycoon-hugh-hefner-passes-away-age-88.html	2014/12/29
http://www.emergent.info/sons-of-anarchy-movie	Claim: There will be a Sons of Anarchy film	false	['Sons of Anarchy', 'TV']	['http://empirenews.net/kurt-sutter-announces-plans-for-sons-of-anarchy-movie-starring-charlie-hunnam-brad-pitt/']	http://empirenews.net/	http://empirenews.net/kurt-sutter-announces-plans-for-sons-of-anarchy-movie-starring-charlie-hunnam-brad-pitt/	2014/12/24
http://www.emergent.info/mcdonalds-big-mac-hoax	Claim: McDonald's will stop serving the Big Mac	false	['Daily Buzz Live', 'Fake News', 'Hoaxes']	['http://dailybuzzlive.com/mcdonalds-removing-big-mac-apple-pies-large-options/']	http://dailybuzzlive.com/	http://dailybuzzlive.com/mcdonalds-removing-big-mac-apple-pies-large-options/	2014/12/22
http://www.emergent.info/hackers-thank-sony-for-pulling-film	"Claim: The group behind the Sony hack sent a message to company execs praising their decision to pull ""The Interview"""	unverified	['Sony', 'The Interview']	['http://money.cnn.com/2014/12/19/media/insde-sony-hack-interview/index.html']	http://money.cnn.com/	http://money.cnn.com/2014/12/19/media/insde-sony-hack-interview/index.html	2014/12/19
http://www.emergent.info/high-school-trader-worth-72-million	Claim: A N.Y. high schooler earned $72 million in the stock market	false	['NYC', 'Stock Market']	['http://nymag.com/news/articles/reasonstoloveny/2014/mohammed-islam-stock-trading/']	http://nymag.com/	http://nymag.com/news/articles/reasonstoloveny/2014/mohammed-islam-stock-trading/	2014/12/15
http://www.emergent.info/four-inch-iphone	Claim: Apple will launch a 4-inch iPhone in 2015	unverified	['Apple', 'Feng.com', 'iPhone']	['http://www.feng.com/iPhone/news/2014-12-03/For-single--handed-operation-_601719.shtml']	http://www.feng.com/	http://www.feng.com/iPhone/news/2014-12-03/For-single--handed-operation-_601719.shtml	2014/12/08
http://www.emergent.info/robot-security-guards-microsoft	Claim: Robot security guards are patrolling a Microsoft campus in Silicon Valley	false	['Microsoft', 'Robots']	['http://www.extremetech.com/extreme/194338-here-come-the-autonomous-robot-security-guards-what-could-possibly-go-wrong']	http://www.extremetech.com/	http://www.extremetech.com/extreme/194338-here-come-the-autonomous-robot-security-guards-what-could-possibly-go-wrong	2014/11/25
http://www.emergent.info/amazon-streaming-video	Claim: Amazon will launch an ad-supported video streaming service in early 2015	unverified	['Amazon', 'Video']	['http://nypost.com/2014/11/21/amazon-plans-a-streaming-video-alternative/']	http://nypost.com/	http://nypost.com/2014/11/21/amazon-plans-a-streaming-video-alternative/	2014/11/23
http://www.emergent.info/teletubbies-baby	Claim: Jess Smith of Chatham, Kent was the smiling sun baby in the Teletubbies TV show	unverified	['Teletubbies', 'TV']	['http://www.telegraph.co.uk/news/newstopics/howaboutthat/11310883/The-baby-from-Teletubbies-reveals-herself.html']	http://www.telegraph.co.uk/	http://www.telegraph.co.uk/news/newstopics/howaboutthat/11310883/The-baby-from-Teletubbies-reveals-herself.html	2014/12/24
http://www.emergent.info/axel-rose-dead	Claim: Guns N' Roses signer Axel Rose is dead	false	['Celebrity Deaths', 'Fake News', 'Hoaxes']	['http://msnbc.website/axl-rose-found-dead-hollywood-home.html']	http://msnbc.website/	http://msnbc.website/axl-rose-found-dead-hollywood-home.html	2014/12/03
http://www.emergent.info/Cesar-Mill%C3%A1n-death-report	Claim: Cesar Millán, the Dog Whisperer, has died	false	['Celebrity Deaths', 'Hoaxes']	['http://www.noticiasunam.com/2014/12/the-famous-dog-whisperer-cesar-millan.html']	http://www.noticiasunam.com/	http://www.noticiasunam.com/2014/12/the-famous-dog-whisperer-cesar-millan.html	2014/12/03
http://www.emergent.info/lisa-bonet-tweet-cosby	Claim: Former Cosby Show actor Lisa Bonet tweeted about the accusations against Bill Cosby	false	['Bill Cosby', 'Twitter']	['http://pagesix.com/2014/11/22/are-lisa-bonets-mysterious-tweets-hinting-at-cosby-scandal/']	http://pagesix.com/	http://pagesix.com/2014/11/22/are-lisa-bonets-mysterious-tweets-hinting-at-cosby-scandal/	2014/11/24
http://www.emergent.info/vogue-offices-rats	Claim: Vogue magazine's new offices are infested with rats	unverified	['conde nast', 'rats', 'Vogue']	['http://gawker.com/vogue-s-shiny-new-office-has-a-big-rat-problem-1661685600?utm_campaign=socialflow_gawker_twitter&utm_source=gawker_twitter&utm_medium=socialflow']	http://gawker.com/	http://gawker.com/vogue-s-shiny-new-office-has-a-big-rat-problem-1661685600?utm_campaign=socialflow_gawker_twitter&utm_source=gawker_twitter&utm_medium=socialflow	2014/11/21
http://www.emergent.info/big-bank-hank-death-report	Claim: Big Bank Hank of the Sugarhill Gang is dead	true	['Big Bank Hank', 'Celebrity Deaths', 'Sugarhill Gang']	['http://www.tmz.com/2014/11/11/sugarhill-gang-big-bank-hank-dies-cancer-dead-rappers-delight/']	http://www.tmz.com/	http://www.tmz.com/2014/11/11/sugarhill-gang-big-bank-hank-dies-cancer-dead-rappers-delight/	2014/11/11
http://www.emergent.info/led-zeppelin-contract	Claim:  Robert Plant ripped up an $800 million contract offer to reunite Led Zeppelin	false	['Led Zeppelin', 'Robert Plant']	['http://www.mirror.co.uk/3am/celebrity-news/led-zeppelins-robert-plant-turns-4595788']	http://www.mirror.co.uk/	http://www.mirror.co.uk/3am/celebrity-news/led-zeppelins-robert-plant-turns-4595788	2014/11/10
http://www.emergent.info/Macaulay-Culkin-death-hoax	Claim: Macaulay Culkin is dead	false	['Celebrity Deaths', 'Hoaxes', 'Macaulay Culkin']	['http://msnbc.website/macaulay-culkin-found-dead-at-age-34.html']	http://msnbc.website/	http://msnbc.website/macaulay-culkin-found-dead-at-age-34.html	2014/11/09
http://www.emergent.info/did-nbc-meteorologist-relieve-himself	Claim: NBC meteorologist Mike Seidel was caught relieving himself on camera	false	['Brian Williams', 'Mike Seidel', 'NBC']	['http://theconcourse.deadspin.com/did-nbc-nightly-news-go-live-to-a-man-who-was-taking-a-1653677899']	http://theconcourse.deadspin.com/	http://theconcourse.deadspin.com/did-nbc-nightly-news-go-live-to-a-man-who-was-taking-a-1653677899	2014/11/04
http://www.emergent.info/seth-rogen-woz	Claim: Seth Rogen will play Steve Wozniak in a film about Steve Jobs	true	['Apple', 'Seth Rogen', 'Steve Jobs']	['http://variety.com/2014/film/news/seth-rogen-steve-wozniak-steve-jobs-biopic-1201338038/']	http://variety.com/	http://variety.com/2014/film/news/seth-rogen-steve-wozniak-steve-jobs-biopic-1201338038/	2014/10/31
http://www.emergent.info/jose-canseco-shot	Claim: Jose Canseco was shot	true	['Jose Canseco']	['http://www.8newsnow.com/story/27147863/breaking-news-baseball-star-jose-canseco-hurt-in-accidental-shooting']	http://www.8newsnow.com/	http://www.8newsnow.com/story/27147863/breaking-news-baseball-star-jose-canseco-hurt-in-accidental-shooting	2014/10/29
http://www.emergent.info/matt-Taibbi--first-look	Claim: Journalist Matt Taibbi has left First Look Media	true	['First Look Media', 'Matt Taibbi']	['http://nymag.com/daily/intelligencer/2014/10/matt-taibbi-disappears-from-omidyars-first-look.html']	http://nymag.com/	http://nymag.com/daily/intelligencer/2014/10/matt-taibbi-disappears-from-omidyars-first-look.html	2014/10/28
http://www.emergent.info/paul-rudd-dallas-airport	Claim: Paul Rudd helped take down the Dallas airport homophobe	false	['Dallas/Fort Worth Airport', 'LGBQT', 'Paul Rudd']	['http://wonkette.com/564538/oh-hey-paul-rudd-was-one-of-the-dallas-airport-homophobe-heroes-no-big#MLwKQZDQr37rR343.01']	http://wonkette.com/	http://wonkette.com/564538/oh-hey-paul-rudd-was-one-of-the-dallas-airport-homophobe-heroes-no-big#MLwKQZDQr37rR343.01	2014/10/27
http://www.emergent.info/judd-nelson-not-dead	Claim: Judd Nelson is dead	false	['Celebrity Deaths', 'Hoaxes', 'Judd Nelson']	['http://foxnews.es/judd-nelson-found-dead-los-angeles-condo.html']	http://foxnews.es/	http://foxnews.es/judd-nelson-found-dead-los-angeles-condo.html	2014/10/26
http://www.emergent.info/banksy-arrested-hoax	Claim: Anonymous street artist Banksy was arrested	false	[]	['http://nationalreport.net/banksy-arrested-identity-revealed/']	http://nationalreport.net/	http://nationalreport.net/banksy-arrested-identity-revealed/	2014/10/20
http://www.emergent.info/ESPN-domestic-violence-panel	Claim: ESPN planned a special domestic violence panel that didn't include any women	false	['ESPN', 'NFL']	['http://www.esquire.com/blogs/news/espn-has-a-women-problem?src=soc_fcbks']	http://www.esquire.com/	http://www.esquire.com/blogs/news/espn-has-a-women-problem?src=soc_fcbks	2014/09/29
http://www.emergent.info/rivers-selfie	Claim: Joan Rivers' doctor took a selfie during her operation	true	[]	['http://www.cnn.com/2014/09/16/showbiz/joan-rivers-clinic/index.html?sr=sharebar_twitter']	http://www.cnn.com/	http://www.cnn.com/2014/09/16/showbiz/joan-rivers-clinic/index.html?sr=sharebar_twitter	2014/09/17
http://www.emergent.info/batmobile-stolen	Claim: The Batmobile was stolen	false	[]	['http://www.bleedingcool.com/2014/09/12/has-the-batman-vs-superman-batmobile-been-stolen-in-detroit/']	http://www.bleedingcool.com/	http://www.bleedingcool.com/2014/09/12/has-the-batman-vs-superman-batmobile-been-stolen-in-detroit/	2014/09/12
http://www.emergent.info/nhl-vegas	Claim: The NHL will announce an expansion to Las Vegas in 2014	false	['Las Vegas', 'NHL']	['http://www.theprovince.com/sports/Tony+Gallagher+Bettman+changed+tune+expansion/10150984/story.html']	http://www.theprovince.com/	http://www.theprovince.com/sports/Tony+Gallagher+Bettman+changed+tune+expansion/10150984/story.html	2014/08/27
http://www.emergent.info/north-korea-restaurant-scotland	Claim: North Korea plans to open a restaurant in Scotland	false	['Food', 'Kim Jong Un', 'North Korea', 'Scotland']	['http://www.scotsman.com/news/scotland/top-stories/kim-jong-un-planning-scottish-restaurant-1-3658069']	http://www.scotsman.com/	http://www.scotsman.com/news/scotland/top-stories/kim-jong-un-planning-scottish-restaurant-1-3658069	2014/01/13
http://www.emergent.info/scorpion-delays-plane	Claim: An Alaska Airlines plane was delayed when a scorpion stung a woman onboard	true	['Alaska Airlines', 'ESPN', 'Scorpions']	['http://espn.go.com/mens-college-basketball/story/_/id/12328436/oregon-state-beavers-flight-delayed-scorpion-stings-woman-aboard-plane']	http://espn.go.com/	http://espn.go.com/mens-college-basketball/story/_/id/12328436/oregon-state-beavers-flight-delayed-scorpion-stings-woman-aboard-plane	2015/02/17
http://www.emergent.info/Kanye-boycott	Claim: Kanye West has been banned from future awards shows	false	['Boycott', 'Grammys', 'Kanye West', 'MTV Music Awards', 'Oscars']	['http://adobochronicles.com/2015/02/09/kanye-west-barred-from-all-future-awards-shows/']	http://adobochronicles.com/	http://adobochronicles.com/2015/02/09/kanye-west-barred-from-all-future-awards-shows/	2015/02/11
http://www.emergent.info/manson-fiance-wants-his-corpse	Claim: Charles Manson's fiance wanted to marry him to obtain custody of his corpse	unverified	['Charles Manson', 'Marriage']	['http://nypost.com/2015/02/08/charles-mansons-fiancee-wanted-to-marry-him-for-his-corpse-source/']	http://nypost.com/	http://nypost.com/2015/02/08/charles-mansons-fiancee-wanted-to-marry-him-for-his-corpse-source/	2015/02/10
http://www.emergent.info/Korean-woman-hair-robot-vacuum	Claim: A South Korean woman's hair was accidentally eaten by a robot vacuum cleaner	true	['Hair', 'Robots', 'South Korea']	['http://news.khan.co.kr/kh_news/khan_art_view.html?artid=201502051134421&code=620100']	http://news.khan.co.kr/	http://news.khan.co.kr/kh_news/khan_art_view.html?artid=201502051134421&code=620100	2015/02/09
http://www.emergent.info/snowy-owl-killed-mate	Claim: A snowy owl killed her mate because his penis was too small	unverified	['Animals', 'CEN', 'Poland']	['http://metro.co.uk/2015/02/08/owl-kills-mate-because-he-has-a-small-penis-5054093/']	http://metro.co.uk/	http://metro.co.uk/2015/02/08/owl-kills-mate-because-he-has-a-small-penis-5054093/	2015/02/09
http://www.emergent.info/viral-photo-app-ranking-manipulation	Claim: Viral photo shows a worker at an app-ranking manipulation farm	unverified	['Applications', 'App Store', 'China', 'Photo']	['http://www.weibo.com/1652811601/C2Ac4hGw4?type=comment']	http://www.weibo.com/	http://www.weibo.com/1652811601/C2Ac4hGw4?type=comment	2015/02/05
http://www.emergent.info/miracle-cat-back-from-grave	Claim: A cat that was hit by a car and believed dead dug himself out of his grave	true	['Animals', 'Cats', 'Florida', 'Zombies']	['http://humanesocietytampa.org/miracle-cat-comes-back-from-the-grave/']	http://humanesocietytampa.org/	http://humanesocietytampa.org/miracle-cat-comes-back-from-the-grave/	2015/01/28
http://www.emergent.info/Peruvian-catcallers-meet-their-mothers	Claim: A Video shows sexist Peruvian men being tricked into harassing their own mothers	false	['Everlast', 'Harassment', 'Natalia Málaga', 'Peru']	['http://www.silbaleatumadre.com/']	http://www.silbaleatumadre.com/	http://www.silbaleatumadre.com/	2015/01/27
http://www.emergent.info/Italian-nun-gave-birth	Claim: An nun in an Italian convent gave birth to a child 	unverified	['Italy', 'Nun', 'Pregnancy']	['http://www.corriereadriatico.it/MACERATA/san_severino_marche_suora_partorisce_ospedale_clausura_beb_amp_egrave/notizie/1136921.shtml']	http://www.corriereadriatico.it/	http://www.corriereadriatico.it/MACERATA/san_severino_marche_suora_partorisce_ospedale_clausura_beb_amp_egrave/notizie/1136921.shtml	2015/01/25
http://www.emergent.info/Pizza-Delivery-Driver-Gets-%242000-tip	Claim: A Michigan pizza delivery guy received a $2,084 tip	true	['Pizza']	['http://www.freep.com/story/news/local/michigan/2015/01/16/pizza-driver-tip-ann-arbor/21894497/']	http://www.freep.com/	http://www.freep.com/story/news/local/michigan/2015/01/16/pizza-driver-tip-ann-arbor/21894497/	2015/01/21
http://www.emergent.info/boy-billed-for-missing-birthday	Claim: A 5-year-old boy was invoiced for missing a birthday party	true	['Birthday', 'Invoice']	['http://www.plymouthherald.co.uk/year-old-Plymouth-boy-gets-missing-school-friend/story-25884528-detail/story.html']	http://www.plymouthherald.co.uk/	http://www.plymouthherald.co.uk/year-old-Plymouth-boy-gets-missing-school-friend/story-25884528-detail/story.html	2015/01/19
http://www.emergent.info/Boston-marathon-bomber-beaten	Claim: Boston marathon bombing suspect Dzhokhar Tsarnaev was severely beaten in prison	false	['Bombing', 'Boston', 'Boston Marathon', 'Dzhokhar Tsarnaev', 'Fake News', 'Hoaxes']	['http://empirenews.net/accused-boston-marathon-bomber-severely-injured-in-prison-may-never-walk-or-talk-again/']	http://empirenews.net/	http://empirenews.net/accused-boston-marathon-bomber-severely-injured-in-prison-may-never-walk-or-talk-again/	2015/01/19
http://www.emergent.info/40-pound-baby	Claim: A 600-pound Australian woman gave birth to 40-pound baby	false	['Australia', 'Baby', 'Fake News', 'Pregnancy', 'World News Daily Report']	['http://worldnewsdailyreport.com/australia-600-pound-woman-gives-birth-to-40-pound-baby/']	http://worldnewsdailyreport.com/	http://worldnewsdailyreport.com/australia-600-pound-woman-gives-birth-to-40-pound-baby/	2015/01/16
http://www.emergent.info/cat-saves-baby	Claim: A Russian cat rescued an abandoned baby	unverified	['CEN', 'Russia']	['http://vk.com/zaschitim_detei?w=wall-35868870_8051']	http://vk.com/	http://vk.com/zaschitim_detei?w=wall-35868870_8051	2015/01/16
http://www.emergent.info/underwear-thief-shaming	Claim: A man caught stealing women's underwear was forced to wear it and walk around in public	unverified	['CEN', 'Singapore', 'Underwear']	['http://www.mirror.co.uk/news/world-news/furious-women-set-trap-underwear-4979426']	http://www.mirror.co.uk/	http://www.mirror.co.uk/news/world-news/furious-women-set-trap-underwear-4979426	2015/01/15
http://www.emergent.info/wife-cuts-off-penis-twice	Claim: A woman cut off her husband's penis twice	unverified	['CEN', 'China', 'Penis Chopping']	['http://news.hnr.cn/dj/201412/t20141231_1774070.html']	http://news.hnr.cn/	http://news.hnr.cn/dj/201412/t20141231_1774070.html	2015/01/14
http://www.emergent.info/dog-abandoned-with-suitcase	Claim: An abandoned dog was found at Scottish railway station with a suitcase of his belongings 	true	['Animals', 'Scotland']	['http://www.scottishspca.org/news/1922_dog-dumped-at-train-station-with-suitcase']	http://www.scottishspca.org/	http://www.scottishspca.org/news/1922_dog-dumped-at-train-station-with-suitcase	2015/01/07
http://www.emergent.info/vet-saves-constipated-goldfish	Claim: A man paid £300 for surgery for his constipated goldfish	true	['Animals', 'Operations']	['http://www.edp24.co.uk/news/photo_gallery_amazing_300_operation_by_north_walsham_vet_on_constipated_goldfish_1_3902958']	http://www.edp24.co.uk/	http://www.edp24.co.uk/news/photo_gallery_amazing_300_operation_by_north_walsham_vet_on_constipated_goldfish_1_3902958	2015/01/06
http://www.emergent.info/woman-woke-up-brain-surgery	Claim: A woman woke up during brain surgery and talked about cats, asked the surgeons ‘How’s it going?’	true	['CEN', 'Iga Jasica', 'Operations', 'Poland']	['http://www.rmf24.pl/nauka/news-niezwykla-operacja-w-katowicach-pacjentke-wybudzono-w-trakci,nId,1580273']	http://www.rmf24.pl/	http://www.rmf24.pl/nauka/news-niezwykla-operacja-w-katowicach-pacjentke-wybudzono-w-trakci,nId,1580273	2015/01/04
http://www.emergent.info/FBI-pig-brothel	Claim: FBI agents arrested partygoers in a raid on a 'pig brothel' in Missouri	false	['Animals', 'Fake News', 'FBI']	['http://worldnewsdailyreport.com/missouri-pig-brothel-dismantled-during-fbi-raid/']	http://worldnewsdailyreport.com/	http://worldnewsdailyreport.com/missouri-pig-brothel-dismantled-during-fbi-raid/	2015/01/03
http://www.emergent.info/cheating-husband-and-twin-naked	Spurned wife leaves cheating husband and her twin naked in busy car park	unverified	['CEN', 'China']	['http://metro.co.uk/2014/12/16/spurned-wife-leaves-cheating-husband-and-twin-naked-in-busy-car-park-4988779/']	http://metro.co.uk/	http://metro.co.uk/2014/12/16/spurned-wife-leaves-cheating-husband-and-twin-naked-in-busy-car-park-4988779/	2015/01/01
http://www.emergent.info/guy-sets-college-on-fire	Man Sets College On Fire With Marriage Proposal	unverified	['CEN', 'China']	['http://edu.sina.com.cn/l/2014-10-28/0826251064.shtml']	http://edu.sina.com.cn/	http://edu.sina.com.cn/l/2014-10-28/0826251064.shtml	2015/01/01
http://www.emergent.info/mob-attacks-adulterous-woman	Mob Strips Adulterous Woman	unverified	['CEN', 'China']	['http://www.dailymail.co.uk/news/article-2791108/mob-rule-chinese-adulteress-stripped-naked-beaten-senseless-latest-attack-kind.html']	http://www.dailymail.co.uk/	http://www.dailymail.co.uk/news/article-2791108/mob-rule-chinese-adulteress-stripped-naked-beaten-senseless-latest-attack-kind.html	2015/01/01
http://www.emergent.info/woman-in-kfc-for-week	Lovesick woman stays in KFC for one week	unverified	['CEN', 'China', 'kfc']	['http://www.dailymail.co.uk/news/article-2803459/Comfort-eating-Chinese-woman-26-spends-entire-WEEK-KFC-dumped-boyfriend.html']	http://www.dailymail.co.uk/	http://www.dailymail.co.uk/news/article-2803459/Comfort-eating-Chinese-woman-26-spends-entire-WEEK-KFC-dumped-boyfriend.html	2015/01/01
http://www.emergent.info/Indian-man-penis-chopped	Claim: A crowd chopped off a man's penis after he was caught trying to rape a woman	unverified	['CEN', 'India', 'Penis Chopping']	['http://www.mirror.co.uk/news/world-news/angry-mob-hacks-alleged-rapists-4413312']	http://www.mirror.co.uk/	http://www.mirror.co.uk/news/world-news/angry-mob-hacks-alleged-rapists-4413312	2015/01/01
http://www.emergent.info/aunt-chopped-penis	Claim: A young boy's aunt chopped off his penis after he interrupted her in the bathroom	unverified	['CEN', 'China', 'Penis Chopping']	['http://austriantimes.at/news/Around_the_World/2014-11-17/51962/Evil_Aunt_Hacks_Off_Toddlers_Penis']	http://austriantimes.at/	http://austriantimes.at/news/Around_the_World/2014-11-17/51962/Evil_Aunt_Hacks_Off_Toddlers_Penis	2015/01/01
http://www.emergent.info/austrian-ski-resort-old-snow	Claim: Low snowfall led an Austrian ski resort to use snow gathered the previous season	unverified	['Austria', 'CEN', 'Skiing']	['http://austriantimes.at/image/40313/news/Around_the_World/2014-12-03/52021/Ski_Resort_Opens_With_Snow_Stored_From_Last_Season']	http://austriantimes.at/	http://austriantimes.at/image/40313/news/Around_the_World/2014-12-03/52021/Ski_Resort_Opens_With_Snow_Stored_From_Last_Season	2015/01/01
http://www.emergent.info/chinese-man-penis-chopping	Claim a Chinese man chopped off his own penis due to his frustration with not finding love	unverified	['CEN', 'China', 'Penis Chopping']	['http://www.mirror.co.uk/news/weird-news/man-cuts-penis-because-frustrated-2651947']	http://www.mirror.co.uk/	http://www.mirror.co.uk/news/weird-news/man-cuts-penis-because-frustrated-2651947	2015/01/01
http://www.emergent.info/argentina-president-adopts-boy-werewolf	Claim: The president of Argentina became the adopted godmother of a boy to help stop him from becoming a werewolf	false	['Argentina', 'Christina Fernández de Kirchner', 'Werewolf']	['http://www.jta.org/2014/12/25/news-opinion/world/argentinas-president-adopts-jewish-godson']	http://www.jta.org/	http://www.jta.org/2014/12/25/news-opinion/world/argentinas-president-adopts-jewish-godson	2014/12/29
http://www.emergent.info/sceptic-tanker-overflows	Claim: A sceptic tank exploded on a busy street	unverified	['CEN', 'China']	['http://www.dailymail.co.uk/news/article-2890002/Browned-Shoppers-covered-poop-overfilled-septic-tanker-explodes-busy-Chinese-street.html']	http://www.dailymail.co.uk/	http://www.dailymail.co.uk/news/article-2890002/Browned-Shoppers-covered-poop-overfilled-septic-tanker-explodes-busy-Chinese-street.html	2014/12/29
http://www.emergent.info/Planetary-alignment-weightlessness-hoax	Claim: A unique planetary alignment on Jan. 4, 2015 will cause partial weightlessness on earth	false	['Daily Buzz Live', 'Fake News', 'Hoaxes', 'Science']	['http://dailybuzzlive.com/planetary-alignment-jan-4-2015-will-decrease-gravity-5-minutes-partial-weightlessness/']	http://dailybuzzlive.com/	http://dailybuzzlive.com/planetary-alignment-jan-4-2015-will-decrease-gravity-5-minutes-partial-weightlessness/	2014/12/29
http://www.emergent.info/bosnian-girls-pregnant-school-trip	Claim: Seven underage Bosnian girls got pregnant on a school trip	unverified	['Bosnia', 'Pregnancy']	['http://inserbia.info/today/2014/12/bih-seven-primary-school-students-pregnant-after-five-day-excursion/']	http://inserbia.info/	http://inserbia.info/today/2014/12/bih-seven-primary-school-students-pregnant-after-five-day-excursion/	2014/12/23
http://www.emergent.info/former-seal-attacked-by-gang-hoax	Claim: Robert O’Neill, the former SEAL who claims to have shot Bin Laden, was attacked in his home by members of a street gang	false	['Empire News', 'Fake News']	['http://empirenews.net/bin-laden-shooter-rob-oneill-mistakenly-attacked-by-street-thugs-seeking-to-collect-debt-from-neighbor/']	http://empirenews.net/	http://empirenews.net/bin-laden-shooter-rob-oneill-mistakenly-attacked-by-street-thugs-seeking-to-collect-debt-from-neighbor/	2014/12/20
http://www.emergent.info/texas-plumbing-truck-isis	Claim: A Texas plumbing company's truck is now being used by militant Islamist fighters in Syria	true	['ISIS']	['http://www.cbsnews.com/news/texas-plumbers-truck-on-front-line-of-syria-war/']	http://www.cbsnews.com/	http://www.cbsnews.com/news/texas-plumbers-truck-on-front-line-of-syria-war/	2014/12/19
http://www.emergent.info/macdonalds-overweight-customers	Claim: McDonald's will stop serving overweight customers	false	"['Fake News', ""McDonald's""]"	['http://dailybuzzlive.com/mcdonalds-will-stop-serving-overweight-customers-beginning-1115/']	http://dailybuzzlive.com/	http://dailybuzzlive.com/mcdonalds-will-stop-serving-overweight-customers-beginning-1115/	2014/12/19
http://www.emergent.info/NSA-elf-on-shelf	Claim: Popular Christmas toy Elf On The Shelf is an espionage project run by the National Security Agency	false	['Elf On the Shelf', 'Fake News', 'Hoaxes']	['http://www.duffelblog.com/2014/12/elf-on-a-shelf-snowden/']	http://www.duffelblog.com/	http://www.duffelblog.com/2014/12/elf-on-a-shelf-snowden/	2014/12/17
http://www.emergent.info/Apple-Watch-two-hours-charge	Claim: The Apple Watch takes about two hours to charge	true	['Apple Watch', 'Apple Watch Battery', 'Matthew Panzarino', 'TechCrunch']	['http://techcrunch.com/2015/03/06/the-apple-watch-is-time-saved/#InYuXY:HADe']	http://techcrunch.com/	http://techcrunch.com/2015/03/06/the-apple-watch-is-time-saved/#InYuXY:HADe	2015/03/06
http://www.emergent.info/heart-rate-glance	Claim: The Apple Watch will include a feature called Heart Rate Glance	true	['9to5 Mac', 'Apple Watch', 'Apple Watch Features', 'Mark Gurman']	['http://9to5mac.com/2015/03/06/sources-offer-hands-on-apple-watch-details-battery-life-unannounced-features-and-more/']	http://9to5mac.com/	http://9to5mac.com/2015/03/06/sources-offer-hands-on-apple-watch-details-battery-life-unannounced-features-and-more/	2015/03/06
http://www.emergent.info/default-Apple-Watch-glances	Claim: There are 10 default Glances on the Apple Watch	unverified	['9to5 Mac', 'Apple Watch', 'Apple Watch Features', 'Mark Gurman']	['http://9to5mac.com/2015/03/06/sources-offer-hands-on-apple-watch-details-battery-life-unannounced-features-and-more/']	http://9to5mac.com/	http://9to5mac.com/2015/03/06/sources-offer-hands-on-apple-watch-details-battery-life-unannounced-features-and-more/	2015/03/06
http://www.emergent.info/Apple-Watch-5-hours-heavy-use	Claim: The Apple Watch will offer 5 hours of heavy application use	unverified	['9to5 Mac', 'Apple Watch', 'Apple Watch Battery', 'Mark Gurman']	['http://9to5mac.com/2015/03/06/sources-offer-hands-on-apple-watch-details-battery-life-unannounced-features-and-more/']	http://9to5mac.com/	http://9to5mac.com/2015/03/06/sources-offer-hands-on-apple-watch-details-battery-life-unannounced-features-and-more/	2015/03/06
http://www.emergent.info/Apple-Watch-email	Claim: The launch version of the Apple Watch OS does not support email replies	unverified	['9to5 Mac', 'Apple Watch', 'Apple Watch Features', 'Mark Gurman']	['http://9to5mac.com/2015/03/06/sources-offer-hands-on-apple-watch-details-battery-life-unannounced-features-and-more/']	http://9to5mac.com/	http://9to5mac.com/2015/03/06/sources-offer-hands-on-apple-watch-details-battery-life-unannounced-features-and-more/	2015/03/06
http://www.emergent.info/Apple-Watch-Edition-4500	Claim: The gold Apple Watch Edition will cost $4,500 USD	false	['Apple Watch', 'Apple Watch Edition', 'Apple Watch Price', 'Financial Times', 'Nick Foulkes']	['http://preview.howtospendit.ft.com/technology/77791-the-man-behind-the-apple-watch']	http://preview.howtospendit.ft.com/	http://preview.howtospendit.ft.com/technology/77791-the-man-behind-the-apple-watch	2015/03/06
http://www.emergent.info/19-million-watches-in-2015	Claim: Apple will sell 19 million Apple Watches in 2015	unverified	['Apple Watch', 'Apple Watch Sales', 'BMO Capital Markets', 'Keith Bachman']	['http://appleinsider.com/articles/15/03/06/bmo-forecasts-19m-apple-watch-sales-in-2015-with-more-than-half-selling-in-holiday-season']	http://appleinsider.com/	http://appleinsider.com/articles/15/03/06/bmo-forecasts-19m-apple-watch-sales-in-2015-with-more-than-half-selling-in-holiday-season	2015/03/06
http://www.emergent.info/Apple-Watch-diagnostics-port	Claim: The Apple Watch will ship with a diagnostics port	unverified	['Apple Watch', 'Matthew Panzarino', 'TechCrunch']	['http://techcrunch.com/2015/03/05/would-you-buy-a-smart-band-for-an-apple-watch/']	http://techcrunch.com/	http://techcrunch.com/2015/03/05/would-you-buy-a-smart-band-for-an-apple-watch/	2015/03/05
http://www.emergent.info/Watch-sell-15-million-2015	Claim: Apple will sell 15 million Apple Watches in 2015	unverified	['Apple Watch', 'Apple Watch Sales', 'Neil Mawston', 'Strategy Analytics']	['http://blogs.strategyanalytics.com/WDE/post/2015/03/05/Apple-Watch-to-Ship-15-Million-Units-Worldwide-in-2015.aspx']	http://blogs.strategyanalytics.com/	http://blogs.strategyanalytics.com/WDE/post/2015/03/05/Apple-Watch-to-Ship-15-Million-Units-Worldwide-in-2015.aspx	2015/03/05
http://www.emergent.info/ios-8dot2-launch	Claim: Apple will release iOS 8.2 on March 9	true	['BGR', 'iOS', 'Jonathan S. Geller']	['http://bgr.com/2015/03/05/ios-8-2-release-download-change-log-notes/']	http://bgr.com/	http://bgr.com/2015/03/05/ios-8-2-release-download-change-log-notes/	2015/03/05
http://www.emergent.info/custom-engraving-Apple-Watch	Claim: Apple will offer custom engraving on the Apple Watch	unverified	['Apple Watch', 'Engraving', 'iPhoneNote']	['http://www.iphonote.com/actu/76493/apple-watch-la-gravure-pourrait-etre-de-la-partie-aussi-sur-la-montre']	http://www.iphonote.com/	http://www.iphonote.com/actu/76493/apple-watch-la-gravure-pourrait-etre-de-la-partie-aussi-sur-la-montre	2015/03/05
http://www.emergent.info/apple-tv-refresh	Claim: Apple will reveal a refreshed Apple TV at the March 9th Spring Forward Event	false	['Andrew Cunningham', 'Apple', 'Apple TV', 'Ars Technica']	['http://arstechnica.com/apple/2015/03/what-to-expect-when-we-spring-forward-with-apple-on-march-9/']	http://arstechnica.com/	http://arstechnica.com/apple/2015/03/what-to-expect-when-we-spring-forward-with-apple-on-march-9/	2015/03/05
http://www.emergent.info/apple-itunes-beats-subscription	Claim: Apple will not reveal the iTunes subscription service based on Beats Music at the March 9th Spring Forward Event	true	['9to5 Mac', 'Apple', 'iTunes', 'Mark Gurman']	['http://9to5mac.com/2015/03/05/apple-plans-relaunched-beats-streaming-music-service-for-wwdc-skipping-march-event/']	http://9to5mac.com/	http://9to5mac.com/2015/03/05/apple-plans-relaunched-beats-streaming-music-service-for-wwdc-skipping-march-event/	2015/03/05
http://www.emergent.info/apple-macbook-air-refresh	Claim: Apple will announce a refreshed MacBook Air models at the March 9th Spring Forward Event	true	['Andrew Cunningham', 'Apple', 'Ars Technica', 'MacBook Air']	['http://arstechnica.com/apple/2015/03/what-to-expect-when-we-spring-forward-with-apple-on-march-9/']	http://arstechnica.com/	http://arstechnica.com/apple/2015/03/what-to-expect-when-we-spring-forward-with-apple-on-march-9/	2015/03/05
http://www.emergent.info/Apple-Watch-Edition-5000	Claim: The Apple Watch Edition will cost $5,000	false	['Apple Watch', 'Apple Watch Edition', 'Apple Watch Price', 'Marco Arment']	['http://www.marco.org/2015/03/04/boring-apple-watch-edition-pricing']	http://www.marco.org/	http://www.marco.org/2015/03/04/boring-apple-watch-edition-pricing	2015/03/04
http://www.emergent.info/apple-macbook-air-12	Claim: Apple will announce a 12-inch MacBook Air Retina at the March 9th Spring Forward Event	true	['Apple', 'MacBook Air', 'The Michael Report']	['http://themichaelreport.com/2015/03/04/exclusive-retina-macbook-air-spring-forward/']	http://themichaelreport.com/	http://themichaelreport.com/2015/03/04/exclusive-retina-macbook-air-spring-forward/	2015/03/04
http://www.emergent.info/apple-tv-hbo-now	Claim: HBO Now streaming subscription is coming to Apple TV	true	['Apple TV', 'HBO', 'International Business Times', 'Michael Learmonth']	['http://www.ibtimes.com/hbo-talks-apple-be-launch-partner-coming-web-service-hbo-now-exclusive-1835882']	http://www.ibtimes.com/	http://www.ibtimes.com/hbo-talks-apple-be-launch-partner-coming-web-service-hbo-now-exclusive-1835882	2015/03/04
http://www.emergent.info/apple-watch-limited-access	Claim: Developers have limited access to Apple Watch sensors and features, to make simpler apps that don't drain battery	unverified	['Apple Watch', 'Apple Watch Battery', 'Business Insider', 'Steven Tweedie']	['http://www.businessinsider.com/apple-watch-limitations-due-to-battery-life-2015-3']	http://www.businessinsider.com/	http://www.businessinsider.com/apple-watch-limitations-due-to-battery-life-2015-3	2015/03/04
http://www.emergent.info/apple-pad-pro	Claim: Apple delayed production of a 12-inch iPad Pro and will not announce it at the March 9th event	true	['Apple', 'Bloomberg', 'iPad', 'Tim Culpan', 'Tim Higgins']	['http://www.bloomberg.com/news/articles/2015-03-04/apple-said-to-delay-larger-ipad-production-on-panel-challenges']	http://www.bloomberg.com/	http://www.bloomberg.com/news/articles/2015-03-04/apple-said-to-delay-larger-ipad-production-on-panel-challenges	2015/03/04
http://www.emergent.info/stainless-Apple-Watch-price	Claim: The stainless steel Apple Watch will be priced between $499 and $549 USD	true	['Apple Watch', 'Apple Watch Price', 'Gene Munster', 'Piper Jaffray']	['http://appleinsider.com/articles/15/03/02/piper-jaffray-pegs-stainless-steel-apple-watch-price-at-499-edition-at-4999']	http://appleinsider.com/	http://appleinsider.com/articles/15/03/02/piper-jaffray-pegs-stainless-steel-apple-watch-price-at-499-edition-at-4999	2015/03/03
http://www.emergent.info/Apple-Watch-Edition-price	Claim: The gold Apple Watch Edition will start at $4,999 USD	false	['Apple Watch', 'Apple Watch Price', 'Gene Munster', 'Piper Jaffray']	['http://appleinsider.com/articles/15/03/02/piper-jaffray-pegs-stainless-steel-apple-watch-price-at-499-edition-at-4999']	http://appleinsider.com/	http://appleinsider.com/articles/15/03/02/piper-jaffray-pegs-stainless-steel-apple-watch-price-at-499-edition-at-4999	2015/03/03
http://www.emergent.info/Apple-Watch-launch-Germany	Claim: The Apple Watch will be available in Germany at launch	true	['9to5 Mac', 'Apple Watch', 'Germany', 'Mark Gurman']	['http://9to5mac.com/2015/03/02/tim-cook-says-apple-watch-will-be-available-outside-u-s-in-april/']	http://9to5mac.com/	http://9to5mac.com/2015/03/02/tim-cook-says-apple-watch-will-be-available-outside-u-s-in-april/	2015/03/02
http://www.emergent.info/LG-Apple-Watch-screens	Claim: LG will supply the screens for the Apple Watch that goes on sale in April	unverified	['Apple Watch', 'Apple Watch Components', 'Electronic Times']	['http://www.reuters.com/article/2015/03/02/us-lg-display-samsung-display-apple-idUSKBN0LY00I20150302?feedType=RSS&feedName=technologyNews']	http://www.reuters.com/	http://www.reuters.com/article/2015/03/02/us-lg-display-samsung-display-apple-idUSKBN0LY00I20150302?feedType=RSS&feedName=technologyNews	2015/03/02
http://www.emergent.info/pop-up-apple-shop-Selfridges	Claim: Apple will open a pop-up Apple Watch store in London's Selfridges department store	unverified	['Apple Watch', 'Joe Rossignol', 'London', 'MacRumors', 'Selfridges']	['http://www.macrumors.com/2015/03/01/apple-watch-selfridges-shop/']	http://www.macrumors.com/	http://www.macrumors.com/2015/03/01/apple-watch-selfridges-shop/	2015/03/01
http://www.emergent.info/8dot2-release-march-2	Claim: Apple will release iOS 8.2 March 2	false	['BGR', 'iOS', 'Jonathan S. Geller']	['http://bgr.com/2015/02/27/ios-8-2-ios-8-3-download-release/']	http://bgr.com/	http://bgr.com/2015/02/27/ios-8-2-ios-8-3-download-release/	2015/02/27
http://www.emergent.info/Apple-Watch-power-reserve	Claim: The Apple Watch will include a feature called Power Reserve	true	['Apple Watch', 'Apple Watch Battery', 'Brian X. Chen', 'New York Times']	['http://www.nytimes.com/2015/03/02/technology/apples-new-job-selling-a-smartwatch-to-an-uninterested-public.html?_r=0']	http://www.nytimes.com/	http://www.nytimes.com/2015/03/02/technology/apples-new-job-selling-a-smartwatch-to-an-uninterested-public.html?_r=0	2015/02/27
http://www.emergent.info/Apple-Edition-cost-10k	Claim: The larger Apple Watch Edition will cost $10,000	true	['Apple Watch', 'Apple Watch Edition', 'Apple Watch Price', 'Grail Watch', 'Stephen Foskett']	['http://grail-watch.com/2015/02/16/gold-apple-watch-edition-must-cost-10000/']	http://grail-watch.com/	http://grail-watch.com/2015/02/16/gold-apple-watch-edition-must-cost-10000/	2015/02/27
http://www.emergent.info/Apple-Watch-Edition-not-online	Claim: The gold Apple Watch Edition will not be sold online or by mail	unverified	['Apple Watch', 'Apple Watch Edition', 'Grail Watch', 'Stephen Foskett']	['http://grail-watch.com/2015/02/27/the-case-against-the-10000-gold-apple-watch-edition/']	http://grail-watch.com/	http://grail-watch.com/2015/02/27/the-case-against-the-10000-gold-apple-watch-edition/	2015/02/27
http://www.emergent.info/Apple-Watch-gold-950	Claim: The gold Apple Watch Edition will retail for $950 USD	false	"['Apple Watch', 'Apple Watch Edition', 'Apple Watch Price', ""Baron's"", 'Citigroup', 'Jim Suva']"	['http://blogs.barrons.com/techtraderdaily/2015/02/26/apple-citi-sees-550-and-950-apple-watches-accessory-plethora/']	http://blogs.barrons.com/	http://blogs.barrons.com/techtraderdaily/2015/02/26/apple-citi-sees-550-and-950-apple-watches-accessory-plethora/	2015/02/27
http://www.emergent.info/Apple-Watch-purchased-Apple-only	Claim: The Apple Watch will only be sold from the Apple Store and website at launch	false	"['Apple Watch', ""Baron's"", 'Citigroup', 'Jim Suva']"	['http://blogs.barrons.com/techtraderdaily/2015/02/26/apple-citi-sees-550-and-950-apple-watches-accessory-plethora/']	http://blogs.barrons.com/	http://blogs.barrons.com/techtraderdaily/2015/02/26/apple-citi-sees-550-and-950-apple-watches-accessory-plethora/	2015/02/27
http://www.emergent.info/stainless-steel-Apple-Watch-550	Claim: The stainless steel Apple Watch will cost $550 USD	true	"['Apple Watch', 'Apple Watch Price', ""Baron's"", 'Citigroup', 'Jim Suva']"	['http://blogs.barrons.com/techtraderdaily/2015/02/26/apple-citi-sees-550-and-950-apple-watches-accessory-plethora/']	http://blogs.barrons.com/	http://blogs.barrons.com/techtraderdaily/2015/02/26/apple-citi-sees-550-and-950-apple-watches-accessory-plethora/	2015/02/27
http://www.emergent.info/Watch-launch-US-only	Claim: The Apple Watch will only be available in the U.S. at launch	false	"['Apple Watch', ""Baron's"", 'Citigroup', 'Jim Suva']"	['http://blogs.barrons.com/techtraderdaily/2015/02/26/apple-citi-sees-550-and-950-apple-watches-accessory-plethora/']	http://blogs.barrons.com/	http://blogs.barrons.com/techtraderdaily/2015/02/26/apple-citi-sees-550-and-950-apple-watches-accessory-plethora/	2015/02/27
http://www.emergent.info/Apple-Watch-ship-date	Claim: The Apple Watch will begin shipping on April 16	false	"['Apple Watch', 'Apple Watch Ship Date', ""Baron's"", 'Citigroup', 'Jim Suva']"	['http://blogs.barrons.com/techtraderdaily/2015/02/26/apple-citi-sees-550-and-950-apple-watches-accessory-plethora/']	http://blogs.barrons.com/	http://blogs.barrons.com/techtraderdaily/2015/02/26/apple-citi-sees-550-and-950-apple-watches-accessory-plethora/	2015/02/27
http://www.emergent.info/Apple-Watch-in-the-shower	Claim: The Apple Watch is sufficiently water resistant to wear in the shower	unverified	['Apple Watch', 'Florian Innocente', 'Germany', 'iGen.fr']	['http://www.igen.fr/apple-watch/2015/02/tim-cook-je-garde-mon-apple-watch-sous-la-douche-89937']	http://www.igen.fr/	http://www.igen.fr/apple-watch/2015/02/tim-cook-je-garde-mon-apple-watch-sous-la-douche-89937	2015/02/25
http://www.emergent.info/hundred-thousand-watch-apps	Claim: There will be 100,000 or more Apple Watch Apps in the AppStore by April 10	unverified	['Apple Watch', 'Apple Watch Apps', 'Global Equities Research', 'Trip Chowdhry']	['http://blogs.barrons.com/techtraderdaily/2015/02/23/apple-every-iphone-owner-will-want-one-says-global-equities/']	http://blogs.barrons.com/	http://blogs.barrons.com/techtraderdaily/2015/02/23/apple-every-iphone-owner-will-want-one-says-global-equities/	2015/02/23
http://www.emergent.info/Gruber-Apple-Watch-Edition-10k	Claim: The gold Apple Watch Edition will cost $9,999 USD	true	['Apple Watch', 'Apple Watch Edition', 'Apple Watch Price', 'Daring Fireball', 'Jon Gruber']	['http://daringfireball.net/2015/02/apple_watch_pricing']	http://daringfireball.net/	http://daringfireball.net/2015/02/apple_watch_pricing	2015/02/20
http://www.emergent.info/Watch-pop-up-store-paris	 Claim: Apple will open a pop-up Apple Watch store in Paris' Galeries Lafayette	unverified	['9to5 Mac', 'Apple Watch', 'Mark Gurman']	['http://9to5mac.com/2015/02/19/apple-considering-dedicated-apple-watch-stores-as-it-sets-up-paris-booth/']	http://9to5mac.com/	http://9to5mac.com/2015/02/19/apple-considering-dedicated-apple-watch-stores-as-it-sets-up-paris-booth/	2015/02/19
http://www.emergent.info/gold-Apple-Watch-under-4500	Claim: The gold Apple Watch edition will cost under $4,500 USD	false	['9to5 Mac', 'Apple Watch', 'Apple Watch Edition', 'Apple Watch Price', 'Reader Poll']	['http://9to5mac.com/2015/02/19/18-karat-gold-apple-watch-cost-pricing/']	http://9to5mac.com/	http://9to5mac.com/2015/02/19/18-karat-gold-apple-watch-cost-pricing/	2015/02/19
http://www.emergent.info/apple-watch-edition-price	Claim: The Apple Watch Edition will retail for $4,000 or more	true	['Apple Watch', 'Apple Watch Edition', 'Apple Watch Price', 'Daisuke Wakabayashi', 'Lorraine Luk', 'Wall Street Journal']	['http://blogs.wsj.com/digits/2015/02/17/apple-orders-more-than-5-million-watches-for-initial-run/?mod=e2tw']	http://blogs.wsj.com/	http://blogs.wsj.com/digits/2015/02/17/apple-orders-more-than-5-million-watches-for-initial-run/?mod=e2tw	2015/02/17
http://www.emergent.info/five-million-watch-run	Claim: Apple has ordered at least 5 million watches for its first run	unverified	['Apple Watch', 'Daisuke Wakabayashi', 'Lorraine Luk', 'Manufacturing', 'Wall Street Journal']	['http://blogs.wsj.com/digits/2015/02/17/apple-orders-more-than-5-million-watches-for-initial-run/?mod=e2tw']	http://blogs.wsj.com/	http://blogs.wsj.com/digits/2015/02/17/apple-orders-more-than-5-million-watches-for-initial-run/?mod=e2tw	2015/02/17
http://www.emergent.info/Apple-ship-20-million-Watches	Claim: Apple will sell 20 million Watches in 2015	unverified	['Apple Watch', 'Apple Watch Sales', 'Ben Wood', 'CSS Insight']	['http://www.ccsinsight.com/press/company-news/2137-wearables-market-2015-is-year-that-will-make-or-break-the-smartwatch']	http://www.ccsinsight.com/	http://www.ccsinsight.com/press/company-news/2137-wearables-market-2015-is-year-that-will-make-or-break-the-smartwatch	2015/02/17
http://www.emergent.info/smaller-Apple-Watch-edition-price	Claim: The smaller gold Apple Watch Edition will cost $7,999 USD.	false	['Apple Watch', 'Apple Watch Edition', 'Apple Watch Price', 'Grail Watch', 'Stephen Foskett']	['http://grail-watch.com/2015/02/16/gold-apple-watch-edition-must-cost-10000/']	http://grail-watch.com/	http://grail-watch.com/2015/02/16/gold-apple-watch-edition-must-cost-10000/	2015/02/16
http://www.emergent.info/apple-watch-blood-pressure	Claim: Apple removed from Apple Watch a sensor that would monitor blood-pressure	unverified	['Apple Watch', 'Apple Watch Components', 'Daisuke Wakabayashi', 'Wall Street Journal']	['http://www.wsj.com/articles/challenge-of-apple-watch-defining-its-purpose-1424133615']	http://www.wsj.com/	http://www.wsj.com/articles/challenge-of-apple-watch-defining-its-purpose-1424133615	2015/02/16
http://www.emergent.info/apple-watch-skin-conductivity	Claim: Apple removed from Apple Watch a skin-conductivity sensor that would give a more accurate heart rate	unverified	['Apple Watch', 'Apple Watch Components', 'Daisuke Wakabayashi', 'Wall Street Journal']	['http://www.wsj.com/articles/challenge-of-apple-watch-defining-its-purpose-1424133615']	http://www.wsj.com/	http://www.wsj.com/articles/challenge-of-apple-watch-defining-its-purpose-1424133615	2015/02/16
http://www.emergent.info/Apple-Watch-straps-available-at-launch	Claim: Apple have different Watch bands for sale at launch	true	['9to5 Mac', 'Apple Watch', 'Apple Watch Accessories', 'Jordan Kahn']	['http://9to5mac.com/2015/02/20/apple-watch-straps-accessories-available-separately/']	http://9to5mac.com/	http://9to5mac.com/2015/02/20/apple-watch-straps-accessories-available-separately/	2015/02/15
http://www.emergent.info/Apple-Watch-Edition-display	Claim: Apple will create special 'store-within-a-store spaces' for the Apple Watch Edition	false	['Apple Watch', 'Apple Watch Edition', 'Grail Watch', 'Stephen Foskett']	['http://grail-watch.com/2015/02/16/gold-apple-watch-edition-must-cost-10000/']	http://grail-watch.com/	http://grail-watch.com/2015/02/16/gold-apple-watch-edition-must-cost-10000/	2015/02/15
http://www.emergent.info/LG-OLED-display-Apple+Watch	Claim: LG will be the sole supplier of OLED displays for the Apple Watch	unverified	['Apple Watch', 'Apple Watch Components', 'J.J. Park', 'Morgan Stanley']	['http://blogs.barrons.com/asiastocks/2015/02/12/who-will-supply-apple-watch/']	http://blogs.barrons.com/	http://blogs.barrons.com/asiastocks/2015/02/12/who-will-supply-apple-watch/	2015/02/13
http://www.emergent.info/apple-watch-apple-store-launch	Claim: Apple Watch will only be sold in Apple Stores at launch	false	['Apfelpage', 'Apple Watch', 'Apple Watch Sales', 'Philipp Tusch']	['http://www.apfelpage.de/2015/02/13/apple-watch-release-wohl-vorerst-nur-in-apple-stores/']	http://www.apfelpage.de/	http://www.apfelpage.de/2015/02/13/apple-watch-release-wohl-vorerst-nur-in-apple-stores/	2015/02/13
http://www.emergent.info/apple-watch-digital-crown	Claim: The Digital Crown on the Apple Watch will come in different colors.	unverified	['Apple Watch', 'Apple Watch Components', 'Dan Moren', 'Six Colors']	['http://sixcolors.com/2015/02/whats-up-with-apple-watch-editions-digital-crown/']	http://sixcolors.com/	http://sixcolors.com/2015/02/whats-up-with-apple-watch-editions-digital-crown/	2015/02/12
http://www.emergent.info/apple-watch-customize-crown	Claim: When you buy your Apple Watch you will choose your Crown color	unverified	['Apple Watch', 'Apple Watch Components', 'Dan Moren', 'Six Colors']	['http://sixcolors.com/2015/02/whats-up-with-apple-watch-editions-digital-crown/']	http://sixcolors.com/	http://sixcolors.com/2015/02/whats-up-with-apple-watch-editions-digital-crown/	2015/02/12
http://www.emergent.info/lenovo-blackberry-bid	Claim: Lenovo will make a bid to buy Blackberry	unverified	[]	['http://www.benzinga.com/news/14/10/4933512/exclusive-lenovo-could-make-an-offer-for-blackberry-as-early-as-this-week']	http://www.benzinga.com/	http://www.benzinga.com/news/14/10/4933512/exclusive-lenovo-could-make-an-offer-for-blackberry-as-early-as-this-week	2014/10/20
http://www.emergent.info/amazon-store-ny	Claim: Amazon will open its first physical store in NY this year	false	['Amazon']	['http://online.wsj.com/articles/amazon-to-open-first-store-1412879124']	http://online.wsj.com/	http://online.wsj.com/articles/amazon-to-open-first-store-1412879124	2014/10/09
http://www.emergent.info/comcast-fired	Claim: Comcast got a man fired from his job after he complained about the company's service	unverified	[]	['http://consumerist.com/2014/10/06/unhappy-customer-comcast-told-my-employer-about-complaint-got-me-fired/']	http://consumerist.com/	http://consumerist.com/2014/10/06/unhappy-customer-comcast-told-my-employer-about-complaint-got-me-fired/	2014/10/08
http://www.emergent.info/iphone-hairgate	Claim: The iPhone 6 pulls out facial hair when being used	unverified	[]	['http://9to5mac.com/community/my-iphone-6-plus-is-yanking-out-my-hair/']	http://9to5mac.com/	http://9to5mac.com/community/my-iphone-6-plus-is-yanking-out-my-hair/	2014/10/07
http://www.emergent.info/bezos-wash-post-kindle	Claim: The Washington Post is developing a new app that will be pre-installed on the new Kindle Fire	true	[]	['http://www.businessweek.com/articles/2014-10-06/jeff-bezos-plan-for-news-washington-post-becomes-an-amazon-product']	http://www.businessweek.com/	http://www.businessweek.com/articles/2014-10-06/jeff-bezos-plan-for-news-washington-post-becomes-an-amazon-product	2014/10/06
http://www.emergent.info/google-pacific-shores	Claim: Google will purchase roughly half of Pacific Shores office park	true	['Google', 'Real Estate']	['http://www.bizjournals.com/sanjose/news/2014/10/03/google-to-buy-big-chunk-of-pacific-shores-iconic.html?page=all']	http://www.bizjournals.com/	http://www.bizjournals.com/sanjose/news/2014/10/03/google-to-buy-big-chunk-of-pacific-shores-iconic.html?page=all	2014/10/05
http://www.emergent.info/HP-Split	Claim Hewlett-Packard will split itself into two separate companies	true	[]	['http://online.wsj.com/articles/hewlett-packard-plans-to-break-in-two-1412530028?mod=WSJ_hp_LEFTTopStories']	http://online.wsj.com/	http://online.wsj.com/articles/hewlett-packard-plans-to-break-in-two-1412530028?mod=WSJ_hp_LEFTTopStories	2014/10/05
http://www.emergent.info/ios8-reset-bug	"Claim: 'Reset All Settings"" option in iOS 8 deletes iWork files"	unverified	[]	['http://www.macrumors.com/2014/09/29/reset-all-settings-icloud-drive-bug/']	http://www.macrumors.com/	http://www.macrumors.com/2014/09/29/reset-all-settings-icloud-drive-bug/	2014/09/30
http://www.emergent.info/beats-shutdown	Claim: Apple will shutdown Beats Music	unverified	[]	['http://techcrunch.com/2014/09/22/apple-plans-to-shut-down-beats-music/']	http://techcrunch.com/	http://techcrunch.com/2014/09/22/apple-plans-to-shut-down-beats-music/	2014/09/22
http://www.emergent.info/comcast-tor	Claim: Comcast is telling customers Tor is illegal to use	false	[]	['http://www.deepdotweb.com/2014/09/13/comcast-declares-war-tor/']	http://www.deepdotweb.com/	http://www.deepdotweb.com/2014/09/13/comcast-declares-war-tor/	2014/09/15
http://www.emergent.info/apple-path	Claim: Apple is buying Path	unverified	[]	['http://pando.com/2014/09/09/source-apple-set-to-acquire-path-in-an-attempt-to-bolster-ios-social-cred/']	http://pando.com/	http://pando.com/2014/09/09/source-apple-set-to-acquire-path-in-an-attempt-to-bolster-ios-social-cred/	2014/09/10
http://www.emergent.info/ms-mojang	Claim: Microsoft is going to acquire Mojang AB	true	[]	['http://online.wsj.com/articles/microsoft-near-deal-to-buy-minecraft-1410300213']	http://online.wsj.com/	http://online.wsj.com/articles/microsoft-near-deal-to-buy-minecraft-1410300213	2014/09/09
http://www.emergent.info/tesla-nevada	Claim: Tesla is building its gigfactory in Nevada	true	[]	['http://www.cnbc.com/id/101937267']	http://www.cnbc.com/	http://www.cnbc.com/id/101937267	2014/09/03
http://www.emergent.info/apple-12-inch-Macbook-air	"Claim: Apple will launch a 12"" MacBook Air in 2015"	true	['9to5 Mac', 'Apple', 'MacBook Air', 'Mark Gurman']	['http://9to5mac.com/2015/01/06/macbook-air-12-inch-redesign/']	http://9to5mac.com/	http://9to5mac.com/2015/01/06/macbook-air-12-inch-redesign/	2014/01/07
http://www.emergent.info/Wanted-Suspect-Facebook-Cops	Claim: After Canadian police published a 'wanted' post on Facebook, the target replied and later turned himself in	true	['Canada', 'Crime', 'Facebook', 'Newfoundland', 'RCMP']	['http://www.buzzfeed.com/tanyachen/in-canada-even-criminals-are-kind?bffb&utm_term=4ldqpgu#.cyX2Voo0y']	http://www.buzzfeed.com/	http://www.buzzfeed.com/tanyachen/in-canada-even-criminals-are-kind?bffb&utm_term=4ldqpgu#.cyX2Voo0y	2015/01/29
http://www.emergent.info/Kei-Nishikori-highest-paid-tennis-player	Claim: Kei Nishikori is the world's highest-paid tennis  player	false	['ESPN', 'Fake News', 'Hoaxes', 'Kei Nishikori', 'Tennis']	['http://en.mediamass.net/people/kei-nishikori/highest-paid.html']	http://en.mediamass.net/	http://en.mediamass.net/people/kei-nishikori/highest-paid.html	2015/01/26
http://www.emergent.info/Helric-Fredou-charlie-hebdo-suicide	Claim: The police officer leading the Charlie Hebdo investigation committed suicide	false	['Charlie Hebdo', 'Police', 'Suicide']	['http://france3-regions.francetvinfo.fr/limousin/2015/01/08/limoges-suicide-d-un-commissaire-de-police-626916.html']	http://france3-regions.francetvinfo.fr/	http://france3-regions.francetvinfo.fr/limousin/2015/01/08/limoges-suicide-d-un-commissaire-de-police-626916.html	2015/01/12
http://www.emergent.info/fake-BBC-website-charlie-hebdo	Claim: The BBC carried a report that questions the official version of the Charlie Hebdo murders	false	['Charlie Hebdo', 'Fake News', 'Hoaxes']	['http://bbc-news.co.uk/doubts-raised-over-authenticity-of-charlie-hebdo-footage']	http://bbc-news.co.uk/	http://bbc-news.co.uk/doubts-raised-over-authenticity-of-charlie-hebdo-footage	2015/01/12
http://www.emergent.info/man-fired-after-skipping-24-years-work	Claim: The Indian government fired an employee who hadn't been to work in 24 years	true	['Government Worker', 'India']	['http://indianexpress.com/article/cities/delhi/cpwd-official-sacked-for-absence-from-duty-for-25-years/']	http://indianexpress.com/	http://indianexpress.com/article/cities/delhi/cpwd-official-sacked-for-absence-from-duty-for-25-years/	2015/01/10
http://www.emergent.info/mother-attempts-to-sell-son	Claim: A Chinese mother attempted to sell her son to pay for his twin sister's lifesaving medical treatment	unverified	['CEN', 'China']	['http://www.mirror.co.uk/news/world-news/shocking-picture-shows-mother-trying-4927103']	http://www.mirror.co.uk/	http://www.mirror.co.uk/news/world-news/shocking-picture-shows-mother-trying-4927103	2015/01/08
http://www.emergent.info/ISIS-ebola	Claim: Some ISIS fighters have contracted Ebola	false	['Ebola', 'ISIS']	['http://www.alsabaah.iq/ArticleShow.aspx?ID=83690']	http://www.alsabaah.iq/	http://www.alsabaah.iq/ArticleShow.aspx?ID=83690	2015/01/02
http://www.emergent.info/isis-scorpion-bombs	Claim: ISIS is dropping bombs containing live scorpions 	unverified	['Iraq', 'ISIS']	['http://www.mirror.co.uk/news/world-news/isis-launch-scorpion-bombs-spread-4817241']	http://www.mirror.co.uk/	http://www.mirror.co.uk/news/world-news/isis-launch-scorpion-bombs-spread-4817241	2014/12/16
http://www.emergent.info/polar-bear-asbo	Claim: A mechanical polar bear in the U.K. was threatened with an Anti-Social Behaviour Order (ASBO)	false	['ASBO']	['http://www.bedfordshire-news.co.uk/Unbearable-Carolling-toy-Shefford-gagged-council/story-25702748-detail/story.html']	http://www.bedfordshire-news.co.uk/	http://www.bedfordshire-news.co.uk/Unbearable-Carolling-toy-Shefford-gagged-council/story-25702748-detail/story.html	2014/12/15
http://www.emergent.info/magic-mushrooms-buckingham-palace	Claim: Magic mushrooms were found in a Buckingham Palace garden	unverified	['Buckingham Palace']	['http://www.thesun.co.uk/sol/homepage/news/6176017/EXCLUSIVE-TV-gardener-Alan-Titchmarsh-finds-magic-mushrooms-at-Buckingham-palace.html']	http://www.thesun.co.uk/	http://www.thesun.co.uk/sol/homepage/news/6176017/EXCLUSIVE-TV-gardener-Alan-Titchmarsh-finds-magic-mushrooms-at-Buckingham-palace.html	2014/12/14
http://www.emergent.info/pope-francis-pets-in-heaven	Claim: Pope Francis told a boy whose dog had died that “Paradise is open to all of God’s creatures” 	false	['Pope Francis']	['http://archiviostorico.corriere.it/2014/novembre/27/Papa_gli_animali_Paradiso_aperto_co_0_20141127_113a59e8-7607-11e4-8dd1-b9af854f838d.shtml']	http://archiviostorico.corriere.it/	http://archiviostorico.corriere.it/2014/novembre/27/Papa_gli_animali_Paradiso_aperto_co_0_20141127_113a59e8-7607-11e4-8dd1-b9af854f838d.shtml	2014/12/14
http://www.emergent.info/ISIS-selling-james-foley-body	Claim: ISIS is trying to sell the remains of James Foley	unverified	['Beheading', 'ISIS', 'James Foley']	['http://www.buzzfeed.com/mikegiglio/isis-is-trying-to-sell-the-body-of-us-hostage-james-foley-fo']	http://www.buzzfeed.com/	http://www.buzzfeed.com/mikegiglio/isis-is-trying-to-sell-the-body-of-us-hostage-james-foley-fo	2014/12/11
http://www.emergent.info/there-can-only-be-one-kim-jong-un	Claim: North Korea issued a directive that anyone with the name Kim Jong Un must change it	unverified	['Kim Jong Un', 'North Korea']	['http://www.theguardian.com/world/2014/dec/03/kim-jong-un-north-korea-name-ban']	http://www.theguardian.com/	http://www.theguardian.com/world/2014/dec/03/kim-jong-un-north-korea-name-ban	2014/12/04
http://www.emergent.info/Abu-Bakr-al-Baghdadi-wife-son-arrested	Claim: A wife and child of ISIS leader Abu Bakr al-Baghdadi were detainted in Lebanon	unverified	['Abu Bakr al-Baghdadi', 'ISIS']	['http://www.theguardian.com/world/2014/dec/02/al-baghdadi-wife-son-arrest-lebanon-fake-passport']	http://www.theguardian.com/	http://www.theguardian.com/world/2014/dec/02/al-baghdadi-wife-son-arrest-lebanon-fake-passport	2014/12/03
http://www.emergent.info/gill-rosenberg-captured-isis	Claim: Canadian-Israeli Gill Rosenberg captured by ISIS while fighting with Kurdish forces	false	['ISIS']	['http://www.jpost.com/Middle-East/Report-ISIS-kidnaps-former-IDF-Canadian-Israeli-soldier-who-went-to-fight-with-the-Kurds-383238']	http://www.jpost.com/	http://www.jpost.com/Middle-East/Report-ISIS-kidnaps-former-IDF-Canadian-Israeli-soldier-who-went-to-fight-with-the-Kurds-383238	2014/11/30
http://www.emergent.info/Mother-kills-25-Taliban	Claim: An Afghan woman avenged her son's death by helping kill 25 Taliban fighters	unverified	['Afghanistan', 'Taliban']	['http://www.tolonews.com/en/afghanistan/17230-afghan-mother-kills-25-taliban']	http://www.tolonews.com/	http://www.tolonews.com/en/afghanistan/17230-afghan-mother-kills-25-taliban	2014/11/28
http://www.emergent.info/jong-un-cobra-wine	"Claim: Kim Jong Un is drinking ""cobra wine"" to help restore his virility"	unverified	['Kim Jong Un', 'North Korea']	['http://www.dailystar.co.uk/news/latest-news/411816/kim-jong-un-necks-litres-rare-snake-wine-because-too-fat-please-wife']	http://www.dailystar.co.uk/	http://www.dailystar.co.uk/news/latest-news/411816/kim-jong-un-necks-litres-rare-snake-wine-because-too-fat-please-wife	2014/11/25
http://www.emergent.info/magneto-boy-attracts-metal	Claim: A Russian boy attracts metal objects with his body after being hit with jolt of electricity 	unverified	['Russia']	['http://gtrk-omsk.ru/news/detail.php?IBLOCK_ID=3&ID=158635&SECTION_ID=13']	http://gtrk-omsk.ru/	http://gtrk-omsk.ru/news/detail.php?IBLOCK_ID=3&ID=158635&SECTION_ID=13	2014/11/19
http://www.emergent.info/Jihadi-John-wounded	Claim: ISIS fighter 'Jihadi John' was injured in an airstrike	unverified	['Beheading', 'ISIS', 'Jihadi John']	['http://www.dailymail.co.uk/news/article-2836124/GOT-Jihadi-John-wounded-airstrike-Foreign-Office-confirms-MOS-aware-reports-injury.html']	http://www.dailymail.co.uk/	http://www.dailymail.co.uk/news/article-2836124/GOT-Jihadi-John-wounded-airstrike-Foreign-Office-confirms-MOS-aware-reports-injury.html	2014/11/16
http://www.emergent.info/nigeria-boko-haram-deal	Claim: The Nigerian government and Boko Haram have reached a ceasefire agreement	false	[]	['http://www.telegraph.co.uk/news/worldnews/africaandindianocean/nigeria/11169959/Nigerias-missing-schoolgirls-to-be-released-after-ceasefire-deal.html']	http://www.telegraph.co.uk/	http://www.telegraph.co.uk/news/worldnews/africaandindianocean/nigeria/11169959/Nigerias-missing-schoolgirls-to-be-released-after-ceasefire-deal.html	2014/10/17
http://www.emergent.info/isis-fighter-jets	Claim: ISIS fighters are being trained to fly three captured fighter jets	unverified	[]	['http://www.reuters.com/article/2014/10/17/us-mideast-crisis-jets-idUSKCN0I60TM20141017']	http://www.reuters.com/	http://www.reuters.com/article/2014/10/17/us-mideast-crisis-jets-idUSKCN0I60TM20141017	2014/10/17
http://www.emergent.info/ISIs-beheads-own-fighters	Claim: ISIS executed two of its own fighters in Al-Bukamal	unverified	[]	['http://www.independent.co.uk/news/world/middle-east/isis-behead-their-own-fighters-for-spying-and-embezzlement-in-syria-9797687.html']	http://www.independent.co.uk/	http://www.independent.co.uk/news/world/middle-east/isis-behead-their-own-fighters-for-spying-and-embezzlement-in-syria-9797687.html	2014/10/16
http://www.emergent.info/kim-jong-un-hurt-leg	Claim: Kim Jong Un hurt his leg during military exercises	unverified	[]	['http://www.reuters.com/article/2014/10/09/us-northkorea-kim-idUSKCN0HY09T20141009']	http://www.reuters.com/	http://www.reuters.com/article/2014/10/09/us-northkorea-kim-idUSKCN0HY09T20141009	2014/10/09
http://www.emergent.info/ISIS-fighters-border	Claim: ISIS fighters were caught trying to enter the U.S. via the U.S.-Mexico border	false	['ISIS']	['http://www.foxnews.com/politics/2014/10/08/congressman-at-least-10-isis-fighters-caught-trying-to-cross-into-us/']	http://www.foxnews.com/	http://www.foxnews.com/politics/2014/10/08/congressman-at-least-10-isis-fighters-caught-trying-to-cross-into-us/	2014/10/09
http://www.emergent.info/mass-grave-mexico	Claim: Mass grave found in Mexico holds bodies of missing students	false	[]	['http://www.proceso.com.mx/?p=383800']	http://www.proceso.com.mx/	http://www.proceso.com.mx/?p=383800	2014/10/05
http://www.emergent.info/jong-un-sister	Claim: Kim Jong Un's sister has been put in charge of the country	unverified	[]	['http://www.nkis.kr/board.php?board=nkisb201&config=&command=body&no=543&']	http://www.nkis.kr/	http://www.nkis.kr/board.php?board=nkisb201&config=&command=body&no=543&	2014/10/03
http://www.emergent.info/jong-un-ankles	Claim: Kim Jong Un broke both of his ankles	unverified	['King Jong Un', 'North Korea']	['http://english.chosun.com/site/data/html_dir/2014/09/30/2014093000994.html']	http://english.chosun.com/	http://english.chosun.com/site/data/html_dir/2014/09/30/2014093000994.html	2014/09/30
http://www.emergent.info/ISIS-baghdad	ISIS is a mile away from Baghdad	unverified	['Iraq', 'ISIS']	['http://www.dailymail.co.uk/news/article-2773268/ISIS-militants-fighting-Iraqi-government-forces-just-six-miles-Baghdad-despite-Western-airstrikes-against-terror-group.html?ito=social-twitter_mailonline']	http://www.dailymail.co.uk/	http://www.dailymail.co.uk/news/article-2773268/ISIS-militants-fighting-Iraqi-government-forces-just-six-miles-Baghdad-despite-Western-airstrikes-against-terror-group.html?ito=social-twitter_mailonline	2014/09/29
http://www.emergent.info/trans-teen-suicide-note	Claim: Transgender teenager Leelah Alcorn committed suicide and left a note on her Tumblr	unverified	['Leelah Alcorn', 'LGBTQ', 'Suicide']	['http://lazerprincess.tumblr.com/post/106447705738/suicide-note']	http://lazerprincess.tumblr.com/	http://lazerprincess.tumblr.com/post/106447705738/suicide-note	2014/12/31
http://www.emergent.info/man-escorted-off-plane-merry-christmas	"Claim: A man was removed from an American Airlines flight after he became upset due to being wished a ""Merry Christmas"" by the crew"	true	['Air Rage', 'American Airlines']	['http://nypost.com/2014/12/25/plane-passenger-tossed-after-angry-reaction-to-merry-christmas/']	http://nypost.com/	http://nypost.com/2014/12/25/plane-passenger-tossed-after-angry-reaction-to-merry-christmas/	2014/12/25
http://www.emergent.info/time-capsule-unearthed	Claim: A 113-year-old time capsule was found hidden inside a lion statue in Boston	true	['Boston']	['https://www.bostonherald.com/news_opinion/local_coverage/2014/12/mfa_expert_digs_out_state_house_time_capsule']	https://www.bostonherald.com/	https://www.bostonherald.com/news_opinion/local_coverage/2014/12/mfa_expert_digs_out_state_house_time_capsule	2014/12/13
http://www.emergent.info/ferguson-protest-sign	"A Ferguson protester held up a sign that read, ""No mother should have to fear for her son's life every time he robs a store."""	false	['Ferguson', 'Protest']	['http://imgur.com/gallery/BGIRJUh']	http://imgur.com/	http://imgur.com/gallery/BGIRJUh	2014/12/03
http://www.emergent.info/black-friday-plot-hoax	Claim: There was a terrorist plot to target Black Friday shopppers	false	['Hoaxes', 'Terrorism']	['http://nationalreport.net/terror-plot-targeting-black-friday-shoppers-uncovered/']	http://nationalreport.net/	http://nationalreport.net/terror-plot-targeting-black-friday-shoppers-uncovered/	2014/11/26
http://www.emergent.info/self-rape-law-hoax	"Claim: An Arizona boy was charged with ""self-rape"" after his mother caught him masturbating"	false	['Fake News', 'Hoaxes']	['http://nationalreport.net/mom-calls-911-on-son-new-self-rape-law/']	http://nationalreport.net/	http://nationalreport.net/mom-calls-911-on-son-new-self-rape-law/	2014/11/25
http://www.emergent.info/elon-university-freshman-ban	Claim: Elon University has banned use of the term 'freshman'	false	['Elon University', 'Freshman', 'University']	['http://www.thecollegefix.com/post/20172/']	http://www.thecollegefix.com/	http://www.thecollegefix.com/post/20172/	2014/11/23
http://www.emergent.info/fsu-shooter-myron-may	Claim: The Floria State University shooter is named Myron May	true	['Florida State University', 'School Shootings']	['http://bigstory.ap.org/article/98ab07fc81e041da828fe5835a27d544/dangerous-situation-reported-florida-state']	http://bigstory.ap.org/	http://bigstory.ap.org/article/98ab07fc81e041da828fe5835a27d544/dangerous-situation-reported-florida-state	2014/11/20
http://www.emergent.info/texas-turkey-farm-ebola-hoax	Claim: A Texas turkey farm was contaminated with Ebola	false	['Ebola', 'Fake News', 'Texas']	['http://dailybuzzlive.com/texas-turkey-farm-contaminated-ebola-holiday-turkeys-infected/']	http://dailybuzzlive.com/	http://dailybuzzlive.com/texas-turkey-farm-contaminated-ebola-holiday-turkeys-infected/	2014/11/16
http://www.emergent.info/ny-marijuana-tickets	Claim: New York Police will start issuing tickets, rather than make arrests, for small amounts of marijuana	true	['Marijuana', 'NYC', 'Police']	['http://www.nytimes.com/2014/11/10/nyregion/in-shift-police-dept-to-stop-low-level-marijuana-arrests-officials-say.html?_r=0']	http://www.nytimes.com/	http://www.nytimes.com/2014/11/10/nyregion/in-shift-police-dept-to-stop-low-level-marijuana-arrests-officials-say.html?_r=0	2014/11/10
http://www.emergent.info/ebola-purdon-hoax	Claim: The town of Purdon, Texas was quarantined after a family of five tested positive for Ebola	false	['Ebola', 'Fake News', 'Hoaxes', 'National Report', 'Texas']	['http://nationalreport.net/texas-town-quarantined-family-five-test-positive-ebola-virus/']	http://nationalreport.net/	http://nationalreport.net/texas-town-quarantined-family-five-test-positive-ebola-virus/	2014/10/15
http://www.emergent.info/fort-carson-lockdown	Claim: Fort Carson is locked down because of a missing nuclear weapon	false	[]	['http://www.whatdoesitmean.com/index1809.htm']	http://www.whatdoesitmean.com/	http://www.whatdoesitmean.com/index1809.htm	2014/10/14
http://www.emergent.info/ebola-frisco	Claim: A man in Frisco, Texas being examined for Ebola came into direct contact with Ebola victim Thomas E. Duncan	false	[]	['http://www.wfaa.com/story/news/health/2014/10/08/patient-frisco-ebola-suspect/16922477/']	http://www.wfaa.com/	http://www.wfaa.com/story/news/health/2014/10/08/patient-frisco-ebola-suspect/16922477/	2014/10/08
http://www.emergent.info/white-house-fence-jumper-made-it-inside	Claim: White House fence-jumper made it inside the main floor	true	[]	['http://www.washingtonpost.com/politics/white-house-fence-jumper-made-it-far-deeper-into-building-than-previously-known/2014/09/29/02efd53e-47ea-11e4-a046-120a8a855cca_story.html?hpid=z1']	http://www.washingtonpost.com/	http://www.washingtonpost.com/politics/white-house-fence-jumper-made-it-far-deeper-into-building-than-previously-known/2014/09/29/02efd53e-47ea-11e4-a046-120a8a855cca_story.html?hpid=z1	2014/09/29
http://www.emergent.info/Foley-ransom	Claim: The US threatened to prosecute the family of slain journalist James Foley	unverified	[]	['http://abcnews.go.com/International/government-threatened-foley-family-ransom-payments-mother-slain/story?id=25453963&singlePage=true']	http://abcnews.go.com/	http://abcnews.go.com/International/government-threatened-foley-family-ransom-payments-mother-slain/story?id=25453963&singlePage=true	2014/09/23
http://www.emergent.info/shooting-recording	Claim: There's an audio recording of the Michael Brown shooting	true	['Michael Brown', 'Police Shootings']	['http://www.cnn.com/2014/08/26/us/michael-brown-ferguson-shooting/']	http://www.cnn.com/	http://www.cnn.com/2014/08/26/us/michael-brown-ferguson-shooting/	2014/08/26
http://www.emergent.info/foley-executioner-gitmo	Claim: A former Guantanamo Bay prisoner executed journalist James Wright Foley.	unverified	[]	['http://www.washingtonpost.com/world/national-security/islamic-state-claims-it-beheaded-american-photojournalist-james-foley/2014/08/19/42e83970-27e6-11e4-86ca-6f03cbd15c1a_story.html']	http://www.washingtonpost.com/	http://www.washingtonpost.com/world/national-security/islamic-state-claims-it-beheaded-american-photojournalist-james-foley/2014/08/19/42e83970-27e6-11e4-86ca-6f03cbd15c1a_story.html	2014/08/22
